ISO-10303-21;
HEADER;
FILE_DESCRIPTION(('ViewDefinition [ReferenceView]'),'2;1');
FILE_NAME('VR-DEMO-001-AWP-A20.ifc','2026-08-26T08:00:00',('VissRad'),('Synthetic demo data'),'VissRad model_seed.py','VissRad','');
FILE_SCHEMA(('IFC4'));
ENDSEC;
DATA;
#1=IFCSIUNIT(*,.LENGTHUNIT.,$,.METRE.);
#2=IFCUNITASSIGNMENT((#1));
#3=IFCCARTESIANPOINT((0.000,0.000,0.000));
#4=IFCAXIS2PLACEMENT3D(#3,$,$);
#5=IFCGEOMETRICREPRESENTATIONCONTEXT($,'Model',3,1.E-05,#4,$);
#6=IFCGEOMETRICREPRESENTATIONSUBCONTEXT('Body','Model',*,*,*,*,#5,$,.MODEL_VIEW.,$);
#7=IFCPROJECT('00hI$aDnc62ymFG7S_ITch',$,'VR-DEMO-001 synthetic AWP model, area A20','Synthetic demo model - not a real facility',$,$,$,(#5),#2);
#8=IFCCARTESIANPOINT((0.000,0.000,0.000));
#9=IFCAXIS2PLACEMENT3D(#8,$,$);
#10=IFCLOCALPLACEMENT($,#9);
#11=IFCSITE('24WN4evk4OAfbcwRGepIdP',$,'Demo site',$,$,#10,$,$,.ELEMENT.,$,$,$,$,$);
#12=IFCCARTESIANPOINT((0.000,0.000,0.000));
#13=IFCAXIS2PLACEMENT3D(#12,$,$);
#14=IFCLOCALPLACEMENT(#10,#13);
#15=IFCBUILDINGSTOREY('2VNF4AMs1d3SUB$5q$VgrX',$,'A20 grade',$,$,#14,$,$,.ELEMENT.,0.);
#16=IFCRELAGGREGATES('0L2f6S$PrVNu_DX2r9GNAo',$,$,$,#7,(#11));
#17=IFCRELAGGREGATES('3P7VgjUPNfaHeIB$3hQ1e3',$,$,$,#11,(#15));
#18=IFCRECTANGLEPROFILEDEF(.AREA.,$,$,1.600,1.600);
#19=IFCCARTESIANPOINT((0.000,0.000,0.000));
#20=IFCAXIS2PLACEMENT3D(#19,$,$);
#21=IFCDIRECTION((0.0000,0.0000,1.0000));
#22=IFCEXTRUDEDAREASOLID(#18,#20,#21,1.200);
#23=IFCCARTESIANPOINT((182.725,-27.625,0.000));
#24=IFCAXIS2PLACEMENT3D(#23,$,$);
#25=IFCLOCALPLACEMENT(#14,#24);
#26=IFCSHAPEREPRESENTATION(#6,'Body','SweptSolid',(#22));
#27=IFCPRODUCTDEFINITIONSHAPE($,$,(#26));
#28=IFCFOOTING('1xT6AdTHC0mvSo$$Sl1Eok',$,'Foundation A20-FDN-0001',$,$,#25,#27,'A20-FDN-0001',.PAD_FOOTING.);
#29=IFCRECTANGLEPROFILEDEF(.AREA.,$,$,1.600,1.600);
#30=IFCCARTESIANPOINT((0.000,0.000,0.000));
#31=IFCAXIS2PLACEMENT3D(#30,$,$);
#32=IFCEXTRUDEDAREASOLID(#29,#31,#21,1.200);
#33=IFCCARTESIANPOINT((187.375,-25.425,0.000));
#34=IFCAXIS2PLACEMENT3D(#33,$,$);
#35=IFCLOCALPLACEMENT(#14,#34);
#36=IFCSHAPEREPRESENTATION(#6,'Body','SweptSolid',(#32));
#37=IFCPRODUCTDEFINITIONSHAPE($,$,(#36));
#38=IFCFOOTING('3ziLrlY7wndtLmZut7F6oR',$,'Foundation A20-FDN-0002',$,$,#35,#37,'A20-FDN-0002',.PAD_FOOTING.);
#39=IFCRECTANGLEPROFILEDEF(.AREA.,$,$,1.600,1.600);
#40=IFCCARTESIANPOINT((0.000,0.000,0.000));
#41=IFCAXIS2PLACEMENT3D(#40,$,$);
#42=IFCEXTRUDEDAREASOLID(#39,#41,#21,1.200);
#43=IFCCARTESIANPOINT((188.000,-23.600,0.000));
#44=IFCAXIS2PLACEMENT3D(#43,$,$);
#45=IFCLOCALPLACEMENT(#14,#44);
#46=IFCSHAPEREPRESENTATION(#6,'Body','SweptSolid',(#42));
#47=IFCPRODUCTDEFINITIONSHAPE($,$,(#46));
#48=IFCFOOTING('2CFSS8EG_EgdR9HZn6f2ZT',$,'Foundation A20-FDN-0003',$,$,#45,#47,'A20-FDN-0003',.PAD_FOOTING.);
#49=IFCRECTANGLEPROFILEDEF(.AREA.,$,$,1.600,1.600);
#50=IFCCARTESIANPOINT((0.000,0.000,0.000));
#51=IFCAXIS2PLACEMENT3D(#50,$,$);
#52=IFCEXTRUDEDAREASOLID(#49,#51,#21,1.200);
#53=IFCCARTESIANPOINT((185.675,-23.550,0.000));
#54=IFCAXIS2PLACEMENT3D(#53,$,$);
#55=IFCLOCALPLACEMENT(#14,#54);
#56=IFCSHAPEREPRESENTATION(#6,'Body','SweptSolid',(#52));
#57=IFCPRODUCTDEFINITIONSHAPE($,$,(#56));
#58=IFCFOOTING('2HI_HYv5GycQa0LfNiNL6R',$,'Foundation A20-FDN-0004',$,$,#55,#57,'A20-FDN-0004',.PAD_FOOTING.);
#59=IFCRECTANGLEPROFILEDEF(.AREA.,$,$,1.600,1.600);
#60=IFCCARTESIANPOINT((0.000,0.000,0.000));
#61=IFCAXIS2PLACEMENT3D(#60,$,$);
#62=IFCEXTRUDEDAREASOLID(#59,#61,#21,1.200);
#63=IFCCARTESIANPOINT((183.050,-26.250,0.000));
#64=IFCAXIS2PLACEMENT3D(#63,$,$);
#65=IFCLOCALPLACEMENT(#14,#64);
#66=IFCSHAPEREPRESENTATION(#6,'Body','SweptSolid',(#62));
#67=IFCPRODUCTDEFINITIONSHAPE($,$,(#66));
#68=IFCFOOTING('0P1keZXfZE1he45BrDKzQU',$,'Foundation A20-FDN-0005',$,$,#65,#67,'A20-FDN-0005',.PAD_FOOTING.);
#69=IFCRECTANGLEPROFILEDEF(.AREA.,$,$,1.600,1.600);
#70=IFCCARTESIANPOINT((0.000,0.000,0.000));
#71=IFCAXIS2PLACEMENT3D(#70,$,$);
#72=IFCEXTRUDEDAREASOLID(#69,#71,#21,1.200);
#73=IFCCARTESIANPOINT((179.050,-72.400,0.000));
#74=IFCAXIS2PLACEMENT3D(#73,$,$);
#75=IFCLOCALPLACEMENT(#14,#74);
#76=IFCSHAPEREPRESENTATION(#6,'Body','SweptSolid',(#72));
#77=IFCPRODUCTDEFINITIONSHAPE($,$,(#76));
#78=IFCFOOTING('3ELF142O8HMRlCQzT_yjwk',$,'Foundation A20-FDN-0006',$,$,#75,#77,'A20-FDN-0006',.PAD_FOOTING.);
#79=IFCRECTANGLEPROFILEDEF(.AREA.,$,$,1.600,1.600);
#80=IFCCARTESIANPOINT((0.000,0.000,0.000));
#81=IFCAXIS2PLACEMENT3D(#80,$,$);
#82=IFCEXTRUDEDAREASOLID(#79,#81,#21,1.200);
#83=IFCCARTESIANPOINT((172.775,-71.550,0.000));
#84=IFCAXIS2PLACEMENT3D(#83,$,$);
#85=IFCLOCALPLACEMENT(#14,#84);
#86=IFCSHAPEREPRESENTATION(#6,'Body','SweptSolid',(#82));
#87=IFCPRODUCTDEFINITIONSHAPE($,$,(#86));
#88=IFCFOOTING('1fJUeYpyDXn9Zj99d4I7bn',$,'Foundation A20-FDN-0007',$,$,#85,#87,'A20-FDN-0007',.PAD_FOOTING.);
#89=IFCRECTANGLEPROFILEDEF(.AREA.,$,$,1.600,1.600);
#90=IFCCARTESIANPOINT((0.000,0.000,0.000));
#91=IFCAXIS2PLACEMENT3D(#90,$,$);
#92=IFCEXTRUDEDAREASOLID(#89,#91,#21,1.200);
#93=IFCCARTESIANPOINT((175.425,-77.175,0.000));
#94=IFCAXIS2PLACEMENT3D(#93,$,$);
#95=IFCLOCALPLACEMENT(#14,#94);
#96=IFCSHAPEREPRESENTATION(#6,'Body','SweptSolid',(#92));
#97=IFCPRODUCTDEFINITIONSHAPE($,$,(#96));
#98=IFCFOOTING('3ghMLxZfpqNiIpTT9n2Dmf',$,'Foundation A20-FDN-0008',$,$,#95,#97,'A20-FDN-0008',.PAD_FOOTING.);
#99=IFCRECTANGLEPROFILEDEF(.AREA.,$,$,1.600,1.600);
#100=IFCCARTESIANPOINT((0.000,0.000,0.000));
#101=IFCAXIS2PLACEMENT3D(#100,$,$);
#102=IFCEXTRUDEDAREASOLID(#99,#101,#21,1.200);
#103=IFCCARTESIANPOINT((174.025,-72.900,0.000));
#104=IFCAXIS2PLACEMENT3D(#103,$,$);
#105=IFCLOCALPLACEMENT(#14,#104);
#106=IFCSHAPEREPRESENTATION(#6,'Body','SweptSolid',(#102));
#107=IFCPRODUCTDEFINITIONSHAPE($,$,(#106));
#108=IFCFOOTING('2zfBfunAabiGvTEl8T0mHo',$,'Foundation A20-FDN-0009',$,$,#105,#107,'A20-FDN-0009',.PAD_FOOTING.);
#109=IFCRECTANGLEPROFILEDEF(.AREA.,$,$,1.600,1.600);
#110=IFCCARTESIANPOINT((0.000,0.000,0.000));
#111=IFCAXIS2PLACEMENT3D(#110,$,$);
#112=IFCEXTRUDEDAREASOLID(#109,#111,#21,1.200);
#113=IFCCARTESIANPOINT((178.550,-76.525,0.000));
#114=IFCAXIS2PLACEMENT3D(#113,$,$);
#115=IFCLOCALPLACEMENT(#14,#114);
#116=IFCSHAPEREPRESENTATION(#6,'Body','SweptSolid',(#112));
#117=IFCPRODUCTDEFINITIONSHAPE($,$,(#116));
#118=IFCFOOTING('2awhPtXegYzy9CyUq5fSDo',$,'Foundation A20-FDN-0010',$,$,#115,#117,'A20-FDN-0010',.PAD_FOOTING.);
#119=IFCISHAPEPROFILEDEF(.AREA.,$,$,0.300,0.300,0.012,0.018,$,$,$);
#120=IFCCARTESIANPOINT((0.000,0.000,0.000));
#121=IFCAXIS2PLACEMENT3D(#120,$,$);
#122=IFCEXTRUDEDAREASOLID(#119,#121,#21,9.000);
#123=IFCCARTESIANPOINT((174.000,-53.650,0.000));
#124=IFCAXIS2PLACEMENT3D(#123,$,$);
#125=IFCLOCALPLACEMENT(#14,#124);
#126=IFCSHAPEREPRESENTATION(#6,'Body','SweptSolid',(#122));
#127=IFCPRODUCTDEFINITIONSHAPE($,$,(#126));
#128=IFCCOLUMN('2oHaYNpFBWec8Vm8L0JSFl',$,'Steel assembly A20-STL-0001',$,$,#125,#127,'A20-STL-0001',.COLUMN.);
#129=IFCISHAPEPROFILEDEF(.AREA.,$,$,0.300,0.300,0.012,0.018,$,$,$);
#130=IFCCARTESIANPOINT((0.000,0.000,0.000));
#131=IFCAXIS2PLACEMENT3D(#130,$,$);
#132=IFCEXTRUDEDAREASOLID(#129,#131,#21,9.000);
#133=IFCCARTESIANPOINT((168.250,-56.700,0.000));
#134=IFCAXIS2PLACEMENT3D(#133,$,$);
#135=IFCLOCALPLACEMENT(#14,#134);
#136=IFCSHAPEREPRESENTATION(#6,'Body','SweptSolid',(#132));
#137=IFCPRODUCTDEFINITIONSHAPE($,$,(#136));
#138=IFCCOLUMN('2MtWNfUa_aHs2qI3xGwP5Q',$,'Steel assembly A20-STL-0002',$,$,#135,#137,'A20-STL-0002',.COLUMN.);
#139=IFCISHAPEPROFILEDEF(.AREA.,$,$,0.300,0.300,0.012,0.018,$,$,$);
#140=IFCCARTESIANPOINT((0.000,0.000,0.000));
#141=IFCAXIS2PLACEMENT3D(#140,$,$);
#142=IFCEXTRUDEDAREASOLID(#139,#141,#21,9.000);
#143=IFCCARTESIANPOINT((174.450,-55.100,0.000));
#144=IFCAXIS2PLACEMENT3D(#143,$,$);
#145=IFCLOCALPLACEMENT(#14,#144);
#146=IFCSHAPEREPRESENTATION(#6,'Body','SweptSolid',(#142));
#147=IFCPRODUCTDEFINITIONSHAPE($,$,(#146));
#148=IFCCOLUMN('3wyr56UaQwPVoZ$stVyiIS',$,'Steel assembly A20-STL-0003',$,$,#145,#147,'A20-STL-0003',.COLUMN.);
#149=IFCISHAPEPROFILEDEF(.AREA.,$,$,0.300,0.300,0.012,0.018,$,$,$);
#150=IFCCARTESIANPOINT((0.000,0.000,0.000));
#151=IFCAXIS2PLACEMENT3D(#150,$,$);
#152=IFCEXTRUDEDAREASOLID(#149,#151,#21,9.000);
#153=IFCCARTESIANPOINT((169.850,-50.200,0.000));
#154=IFCAXIS2PLACEMENT3D(#153,$,$);
#155=IFCLOCALPLACEMENT(#14,#154);
#156=IFCSHAPEREPRESENTATION(#6,'Body','SweptSolid',(#152));
#157=IFCPRODUCTDEFINITIONSHAPE($,$,(#156));
#158=IFCCOLUMN('2eIvFgFEwkncEmvhlgF5bK',$,'Steel assembly A20-STL-0004',$,$,#155,#157,'A20-STL-0004',.COLUMN.);
#159=IFCISHAPEPROFILEDEF(.AREA.,$,$,0.300,0.300,0.012,0.018,$,$,$);
#160=IFCCARTESIANPOINT((0.000,0.000,0.000));
#161=IFCAXIS2PLACEMENT3D(#160,$,$);
#162=IFCEXTRUDEDAREASOLID(#159,#161,#21,9.000);
#163=IFCCARTESIANPOINT((172.425,-56.550,0.000));
#164=IFCAXIS2PLACEMENT3D(#163,$,$);
#165=IFCLOCALPLACEMENT(#14,#164);
#166=IFCSHAPEREPRESENTATION(#6,'Body','SweptSolid',(#162));
#167=IFCPRODUCTDEFINITIONSHAPE($,$,(#166));
#168=IFCCOLUMN('2Xtleaxr9TPIYTfTgqKkam',$,'Steel assembly A20-STL-0005',$,$,#165,#167,'A20-STL-0005',.COLUMN.);
#169=IFCISHAPEPROFILEDEF(.AREA.,$,$,0.300,0.300,0.012,0.018,$,$,$);
#170=IFCCARTESIANPOINT((0.000,0.000,0.000));
#171=IFCAXIS2PLACEMENT3D(#170,$,$);
#172=IFCEXTRUDEDAREASOLID(#169,#171,#21,9.000);
#173=IFCCARTESIANPOINT((176.100,-54.200,0.000));
#174=IFCAXIS2PLACEMENT3D(#173,$,$);
#175=IFCLOCALPLACEMENT(#14,#174);
#176=IFCSHAPEREPRESENTATION(#6,'Body','SweptSolid',(#172));
#177=IFCPRODUCTDEFINITIONSHAPE($,$,(#176));
#178=IFCCOLUMN('2AH6KWyQHIc3NPPVl4RCTn',$,'Steel assembly A20-STL-0006',$,$,#175,#177,'A20-STL-0006',.COLUMN.);
#179=IFCISHAPEPROFILEDEF(.AREA.,$,$,0.300,0.300,0.012,0.018,$,$,$);
#180=IFCCARTESIANPOINT((0.000,0.000,0.000));
#181=IFCAXIS2PLACEMENT3D(#180,$,$);
#182=IFCEXTRUDEDAREASOLID(#179,#181,#21,9.000);
#183=IFCCARTESIANPOINT((176.300,-53.375,0.000));
#184=IFCAXIS2PLACEMENT3D(#183,$,$);
#185=IFCLOCALPLACEMENT(#14,#184);
#186=IFCSHAPEREPRESENTATION(#6,'Body','SweptSolid',(#182));
#187=IFCPRODUCTDEFINITIONSHAPE($,$,(#186));
#188=IFCCOLUMN('1K8YH8yJsaUd4TBjS3_6qm',$,'Steel assembly A20-STL-0007',$,$,#185,#187,'A20-STL-0007',.COLUMN.);
#189=IFCISHAPEPROFILEDEF(.AREA.,$,$,0.300,0.300,0.012,0.018,$,$,$);
#190=IFCCARTESIANPOINT((0.000,0.000,0.000));
#191=IFCAXIS2PLACEMENT3D(#190,$,$);
#192=IFCEXTRUDEDAREASOLID(#189,#191,#21,9.000);
#193=IFCCARTESIANPOINT((170.550,-50.625,0.000));
#194=IFCAXIS2PLACEMENT3D(#193,$,$);
#195=IFCLOCALPLACEMENT(#14,#194);
#196=IFCSHAPEREPRESENTATION(#6,'Body','SweptSolid',(#192));
#197=IFCPRODUCTDEFINITIONSHAPE($,$,(#196));
#198=IFCCOLUMN('0k5JQgAbinYPYTRJRJ5bJv',$,'Steel assembly A20-STL-0008',$,$,#195,#197,'A20-STL-0008',.COLUMN.);
#199=IFCISHAPEPROFILEDEF(.AREA.,$,$,0.300,0.300,0.012,0.018,$,$,$);
#200=IFCCARTESIANPOINT((0.000,0.000,0.000));
#201=IFCAXIS2PLACEMENT3D(#200,$,$);
#202=IFCEXTRUDEDAREASOLID(#199,#201,#21,9.000);
#203=IFCCARTESIANPOINT((172.050,-49.375,0.000));
#204=IFCAXIS2PLACEMENT3D(#203,$,$);
#205=IFCLOCALPLACEMENT(#14,#204);
#206=IFCSHAPEREPRESENTATION(#6,'Body','SweptSolid',(#202));
#207=IFCPRODUCTDEFINITIONSHAPE($,$,(#206));
#208=IFCCOLUMN('3VzqnUPOd72dzhvauzyYhT',$,'Steel assembly A20-STL-0009',$,$,#205,#207,'A20-STL-0009',.COLUMN.);
#209=IFCCIRCLEPROFILEDEF(.AREA.,$,$,1.100);
#210=IFCCARTESIANPOINT((0.000,0.000,0.000));
#211=IFCAXIS2PLACEMENT3D(#210,$,$);
#212=IFCEXTRUDEDAREASOLID(#209,#211,#21,5.000);
#213=IFCCARTESIANPOINT((125.950,-61.475,0.000));
#214=IFCAXIS2PLACEMENT3D(#213,$,$);
#215=IFCLOCALPLACEMENT(#14,#214);
#216=IFCSHAPEREPRESENTATION(#6,'Body','SweptSolid',(#212));
#217=IFCPRODUCTDEFINITIONSHAPE($,$,(#216));
#218=IFCTANK('3Q$9saBnZgKikP_PTG60lG',$,'Equipment A20-EQ-0001',$,$,#215,#217,'A20-EQ-0001',.VESSEL.);
#219=IFCCIRCLEPROFILEDEF(.AREA.,$,$,1.100);
#220=IFCCARTESIANPOINT((0.000,0.000,0.000));
#221=IFCAXIS2PLACEMENT3D(#220,$,$);
#222=IFCEXTRUDEDAREASOLID(#219,#221,#21,5.000);
#223=IFCCARTESIANPOINT((120.850,-65.500,0.000));
#224=IFCAXIS2PLACEMENT3D(#223,$,$);
#225=IFCLOCALPLACEMENT(#14,#224);
#226=IFCSHAPEREPRESENTATION(#6,'Body','SweptSolid',(#222));
#227=IFCPRODUCTDEFINITIONSHAPE($,$,(#226));
#228=IFCTANK('2htqRdsT3pS_k6aDYkGY$B',$,'Equipment A20-EQ-0002',$,$,#225,#227,'A20-EQ-0002',.VESSEL.);
#229=IFCCIRCLEPROFILEDEF(.AREA.,$,$,1.100);
#230=IFCCARTESIANPOINT((0.000,0.000,0.000));
#231=IFCAXIS2PLACEMENT3D(#230,$,$);
#232=IFCEXTRUDEDAREASOLID(#229,#231,#21,5.000);
#233=IFCCARTESIANPOINT((131.725,-59.300,0.000));
#234=IFCAXIS2PLACEMENT3D(#233,$,$);
#235=IFCLOCALPLACEMENT(#14,#234);
#236=IFCSHAPEREPRESENTATION(#6,'Body','SweptSolid',(#232));
#237=IFCPRODUCTDEFINITIONSHAPE($,$,(#236));
#238=IFCTANK('0lot4Q8rZiWWh5Nj4MXy5F',$,'Equipment A20-EQ-0003',$,$,#235,#237,'A20-EQ-0003',.VESSEL.);
#239=IFCCIRCLEPROFILEDEF(.AREA.,$,$,1.100);
#240=IFCCARTESIANPOINT((0.000,0.000,0.000));
#241=IFCAXIS2PLACEMENT3D(#240,$,$);
#242=IFCEXTRUDEDAREASOLID(#239,#241,#21,5.000);
#243=IFCCARTESIANPOINT((120.100,-62.975,0.000));
#244=IFCAXIS2PLACEMENT3D(#243,$,$);
#245=IFCLOCALPLACEMENT(#14,#244);
#246=IFCSHAPEREPRESENTATION(#6,'Body','SweptSolid',(#242));
#247=IFCPRODUCTDEFINITIONSHAPE($,$,(#246));
#248=IFCTANK('2fUeN8VCN4hmgNI77b2LuD',$,'Equipment A20-EQ-0004',$,$,#245,#247,'A20-EQ-0004',.VESSEL.);
#249=IFCCIRCLEPROFILEDEF(.AREA.,$,$,1.100);
#250=IFCCARTESIANPOINT((0.000,0.000,0.000));
#251=IFCAXIS2PLACEMENT3D(#250,$,$);
#252=IFCEXTRUDEDAREASOLID(#249,#251,#21,5.000);
#253=IFCCARTESIANPOINT((131.275,-57.900,0.000));
#254=IFCAXIS2PLACEMENT3D(#253,$,$);
#255=IFCLOCALPLACEMENT(#14,#254);
#256=IFCSHAPEREPRESENTATION(#6,'Body','SweptSolid',(#252));
#257=IFCPRODUCTDEFINITIONSHAPE($,$,(#256));
#258=IFCTANK('08FCVdmO33mv9T$Xdc7VaP',$,'Equipment A20-EQ-0005',$,$,#255,#257,'A20-EQ-0005',.VESSEL.);
#259=IFCCIRCLEPROFILEDEF(.AREA.,$,$,1.100);
#260=IFCCARTESIANPOINT((0.000,0.000,0.000));
#261=IFCAXIS2PLACEMENT3D(#260,$,$);
#262=IFCEXTRUDEDAREASOLID(#259,#261,#21,5.000);
#263=IFCCARTESIANPOINT((91.600,-78.400,0.000));
#264=IFCAXIS2PLACEMENT3D(#263,$,$);
#265=IFCLOCALPLACEMENT(#14,#264);
#266=IFCSHAPEREPRESENTATION(#6,'Body','SweptSolid',(#262));
#267=IFCPRODUCTDEFINITIONSHAPE($,$,(#266));
#268=IFCTANK('33UeKnHH9mTUOE9xPZw0LC',$,'Equipment A20-EQ-0006',$,$,#265,#267,'A20-EQ-0006',.VESSEL.);
#269=IFCCIRCLEPROFILEDEF(.AREA.,$,$,1.100);
#270=IFCCARTESIANPOINT((0.000,0.000,0.000));
#271=IFCAXIS2PLACEMENT3D(#270,$,$);
#272=IFCEXTRUDEDAREASOLID(#269,#271,#21,5.000);
#273=IFCCARTESIANPOINT((95.675,-78.500,0.000));
#274=IFCAXIS2PLACEMENT3D(#273,$,$);
#275=IFCLOCALPLACEMENT(#14,#274);
#276=IFCSHAPEREPRESENTATION(#6,'Body','SweptSolid',(#272));
#277=IFCPRODUCTDEFINITIONSHAPE($,$,(#276));
#278=IFCTANK('0Wbb4u3y5Did3k_IpXKRwL',$,'Equipment A20-EQ-0007',$,$,#275,#277,'A20-EQ-0007',.VESSEL.);
#279=IFCCIRCLEPROFILEDEF(.AREA.,$,$,1.100);
#280=IFCCARTESIANPOINT((0.000,0.000,0.000));
#281=IFCAXIS2PLACEMENT3D(#280,$,$);
#282=IFCEXTRUDEDAREASOLID(#279,#281,#21,5.000);
#283=IFCCARTESIANPOINT((87.000,-73.425,0.000));
#284=IFCAXIS2PLACEMENT3D(#283,$,$);
#285=IFCLOCALPLACEMENT(#14,#284);
#286=IFCSHAPEREPRESENTATION(#6,'Body','SweptSolid',(#282));
#287=IFCPRODUCTDEFINITIONSHAPE($,$,(#286));
#288=IFCTANK('1muWFcgtIS8ircjd6QRgrE',$,'Equipment A20-EQ-0008',$,$,#285,#287,'A20-EQ-0008',.VESSEL.);
#289=IFCCIRCLEPROFILEDEF(.AREA.,$,$,1.100);
#290=IFCCARTESIANPOINT((0.000,0.000,0.000));
#291=IFCAXIS2PLACEMENT3D(#290,$,$);
#292=IFCEXTRUDEDAREASOLID(#289,#291,#21,5.000);
#293=IFCCARTESIANPOINT((95.125,-81.225,0.000));
#294=IFCAXIS2PLACEMENT3D(#293,$,$);
#295=IFCLOCALPLACEMENT(#14,#294);
#296=IFCSHAPEREPRESENTATION(#6,'Body','SweptSolid',(#292));
#297=IFCPRODUCTDEFINITIONSHAPE($,$,(#296));
#298=IFCTANK('3lK7$TkFuzz_IOI3x_k6Iq',$,'Equipment A20-EQ-0009',$,$,#295,#297,'A20-EQ-0009',.VESSEL.);
#299=IFCCIRCLEPROFILEDEF(.AREA.,$,$,1.100);
#300=IFCCARTESIANPOINT((0.000,0.000,0.000));
#301=IFCAXIS2PLACEMENT3D(#300,$,$);
#302=IFCEXTRUDEDAREASOLID(#299,#301,#21,5.000);
#303=IFCCARTESIANPOINT((97.650,-73.800,0.000));
#304=IFCAXIS2PLACEMENT3D(#303,$,$);
#305=IFCLOCALPLACEMENT(#14,#304);
#306=IFCSHAPEREPRESENTATION(#6,'Body','SweptSolid',(#302));
#307=IFCPRODUCTDEFINITIONSHAPE($,$,(#306));
#308=IFCTANK('2Zfxhee7tM0pVgD3znqn0h',$,'Equipment A20-EQ-0010',$,$,#305,#307,'A20-EQ-0010',.VESSEL.);
#309=IFCCIRCLEPROFILEDEF(.AREA.,$,$,1.100);
#310=IFCCARTESIANPOINT((0.000,0.000,0.000));
#311=IFCAXIS2PLACEMENT3D(#310,$,$);
#312=IFCEXTRUDEDAREASOLID(#309,#311,#21,5.000);
#313=IFCCARTESIANPOINT((97.700,-79.850,0.000));
#314=IFCAXIS2PLACEMENT3D(#313,$,$);
#315=IFCLOCALPLACEMENT(#14,#314);
#316=IFCSHAPEREPRESENTATION(#6,'Body','SweptSolid',(#312));
#317=IFCPRODUCTDEFINITIONSHAPE($,$,(#316));
#318=IFCTANK('1PT814RDnE7rUSNtemYtDT',$,'Equipment A20-EQ-0011',$,$,#315,#317,'A20-EQ-0011',.VESSEL.);
#319=IFCCIRCLEPROFILEDEF(.AREA.,$,$,1.100);
#320=IFCCARTESIANPOINT((0.000,0.000,0.000));
#321=IFCAXIS2PLACEMENT3D(#320,$,$);
#322=IFCEXTRUDEDAREASOLID(#319,#321,#21,5.000);
#323=IFCCARTESIANPOINT((108.775,-33.725,0.000));
#324=IFCAXIS2PLACEMENT3D(#323,$,$);
#325=IFCLOCALPLACEMENT(#14,#324);
#326=IFCSHAPEREPRESENTATION(#6,'Body','SweptSolid',(#322));
#327=IFCPRODUCTDEFINITIONSHAPE($,$,(#326));
#328=IFCTANK('3JoMzpy_KULVITFM7rAQm1',$,'Equipment A20-EQ-0012',$,$,#325,#327,'A20-EQ-0012',.VESSEL.);
#329=IFCCIRCLEPROFILEDEF(.AREA.,$,$,1.100);
#330=IFCCARTESIANPOINT((0.000,0.000,0.000));
#331=IFCAXIS2PLACEMENT3D(#330,$,$);
#332=IFCEXTRUDEDAREASOLID(#329,#331,#21,5.000);
#333=IFCCARTESIANPOINT((112.575,-37.650,0.000));
#334=IFCAXIS2PLACEMENT3D(#333,$,$);
#335=IFCLOCALPLACEMENT(#14,#334);
#336=IFCSHAPEREPRESENTATION(#6,'Body','SweptSolid',(#332));
#337=IFCPRODUCTDEFINITIONSHAPE($,$,(#336));
#338=IFCTANK('1BQr27y0vMrWUXEq_LaBrU',$,'Equipment A20-EQ-0013',$,$,#335,#337,'A20-EQ-0013',.VESSEL.);
#339=IFCCIRCLEPROFILEDEF(.AREA.,$,$,1.100);
#340=IFCCARTESIANPOINT((0.000,0.000,0.000));
#341=IFCAXIS2PLACEMENT3D(#340,$,$);
#342=IFCEXTRUDEDAREASOLID(#339,#341,#21,5.000);
#343=IFCCARTESIANPOINT((111.375,-29.400,0.000));
#344=IFCAXIS2PLACEMENT3D(#343,$,$);
#345=IFCLOCALPLACEMENT(#14,#344);
#346=IFCSHAPEREPRESENTATION(#6,'Body','SweptSolid',(#342));
#347=IFCPRODUCTDEFINITIONSHAPE($,$,(#346));
#348=IFCTANK('3dKNS8TwUq_y_n$gznTrIL',$,'Equipment A20-EQ-0014',$,$,#345,#347,'A20-EQ-0014',.VESSEL.);
#349=IFCCIRCLEPROFILEDEF(.AREA.,$,$,1.100);
#350=IFCCARTESIANPOINT((0.000,0.000,0.000));
#351=IFCAXIS2PLACEMENT3D(#350,$,$);
#352=IFCEXTRUDEDAREASOLID(#349,#351,#21,5.000);
#353=IFCCARTESIANPOINT((106.675,-35.925,0.000));
#354=IFCAXIS2PLACEMENT3D(#353,$,$);
#355=IFCLOCALPLACEMENT(#14,#354);
#356=IFCSHAPEREPRESENTATION(#6,'Body','SweptSolid',(#352));
#357=IFCPRODUCTDEFINITIONSHAPE($,$,(#356));
#358=IFCTANK('3eQby4Qrs$$Cjd09bT9$8N',$,'Equipment A20-EQ-0015',$,$,#355,#357,'A20-EQ-0015',.VESSEL.);
#359=IFCCIRCLEPROFILEDEF(.AREA.,$,$,1.100);
#360=IFCCARTESIANPOINT((0.000,0.000,0.000));
#361=IFCAXIS2PLACEMENT3D(#360,$,$);
#362=IFCEXTRUDEDAREASOLID(#359,#361,#21,5.000);
#363=IFCCARTESIANPOINT((114.475,-32.650,0.000));
#364=IFCAXIS2PLACEMENT3D(#363,$,$);
#365=IFCLOCALPLACEMENT(#14,#364);
#366=IFCSHAPEREPRESENTATION(#6,'Body','SweptSolid',(#362));
#367=IFCPRODUCTDEFINITIONSHAPE($,$,(#366));
#368=IFCTANK('3$VY2XTtdzr01HSV96gkW6',$,'Equipment A20-EQ-0016',$,$,#365,#367,'A20-EQ-0016',.VESSEL.);
#369=IFCCIRCLEPROFILEDEF(.AREA.,$,$,1.100);
#370=IFCCARTESIANPOINT((0.000,0.000,0.000));
#371=IFCAXIS2PLACEMENT3D(#370,$,$);
#372=IFCEXTRUDEDAREASOLID(#369,#371,#21,5.000);
#373=IFCCARTESIANPOINT((113.800,-30.975,0.000));
#374=IFCAXIS2PLACEMENT3D(#373,$,$);
#375=IFCLOCALPLACEMENT(#14,#374);
#376=IFCSHAPEREPRESENTATION(#6,'Body','SweptSolid',(#372));
#377=IFCPRODUCTDEFINITIONSHAPE($,$,(#376));
#378=IFCTANK('0a59SK16Y2axBiMXhT8KYU',$,'Equipment A20-EQ-0017',$,$,#375,#377,'A20-EQ-0017',.VESSEL.);
#379=IFCCIRCLEPROFILEDEF(.AREA.,$,$,1.100);
#380=IFCCARTESIANPOINT((0.000,0.000,0.000));
#381=IFCAXIS2PLACEMENT3D(#380,$,$);
#382=IFCEXTRUDEDAREASOLID(#379,#381,#21,5.000);
#383=IFCCARTESIANPOINT((112.300,-35.400,0.000));
#384=IFCAXIS2PLACEMENT3D(#383,$,$);
#385=IFCLOCALPLACEMENT(#14,#384);
#386=IFCSHAPEREPRESENTATION(#6,'Body','SweptSolid',(#382));
#387=IFCPRODUCTDEFINITIONSHAPE($,$,(#386));
#388=IFCTANK('2M0EU4fh0wMr1iyHgj2TRC',$,'Equipment A20-EQ-0018',$,$,#385,#387,'A20-EQ-0018',.VESSEL.);
#389=IFCCIRCLEPROFILEDEF(.AREA.,$,$,1.100);
#390=IFCCARTESIANPOINT((0.000,0.000,0.000));
#391=IFCAXIS2PLACEMENT3D(#390,$,$);
#392=IFCEXTRUDEDAREASOLID(#389,#391,#21,5.000);
#393=IFCCARTESIANPOINT((112.025,-29.700,0.000));
#394=IFCAXIS2PLACEMENT3D(#393,$,$);
#395=IFCLOCALPLACEMENT(#14,#394);
#396=IFCSHAPEREPRESENTATION(#6,'Body','SweptSolid',(#392));
#397=IFCPRODUCTDEFINITIONSHAPE($,$,(#396));
#398=IFCTANK('32222YQMxtHmUkdFg1odkj',$,'Equipment A20-EQ-0019',$,$,#395,#397,'A20-EQ-0019',.VESSEL.);
#399=IFCCIRCLEPROFILEDEF(.AREA.,$,$,1.100);
#400=IFCCARTESIANPOINT((0.000,0.000,0.000));
#401=IFCAXIS2PLACEMENT3D(#400,$,$);
#402=IFCEXTRUDEDAREASOLID(#399,#401,#21,5.000);
#403=IFCCARTESIANPOINT((102.950,-28.800,0.000));
#404=IFCAXIS2PLACEMENT3D(#403,$,$);
#405=IFCLOCALPLACEMENT(#14,#404);
#406=IFCSHAPEREPRESENTATION(#6,'Body','SweptSolid',(#402));
#407=IFCPRODUCTDEFINITIONSHAPE($,$,(#406));
#408=IFCTANK('0StHXPK1Kb2fwL6PQaP05j',$,'Equipment A20-EQ-0020',$,$,#405,#407,'A20-EQ-0020',.VESSEL.);
#409=IFCCIRCLEPROFILEDEF(.AREA.,$,$,1.100);
#410=IFCCARTESIANPOINT((0.000,0.000,0.000));
#411=IFCAXIS2PLACEMENT3D(#410,$,$);
#412=IFCEXTRUDEDAREASOLID(#409,#411,#21,5.000);
#413=IFCCARTESIANPOINT((107.225,-29.575,0.000));
#414=IFCAXIS2PLACEMENT3D(#413,$,$);
#415=IFCLOCALPLACEMENT(#14,#414);
#416=IFCSHAPEREPRESENTATION(#6,'Body','SweptSolid',(#412));
#417=IFCPRODUCTDEFINITIONSHAPE($,$,(#416));
#418=IFCTANK('3rMZOnl_vbn9I46cOhBWnh',$,'Equipment A20-EQ-0021',$,$,#415,#417,'A20-EQ-0021',.VESSEL.);
#419=IFCCIRCLEHOLLOWPROFILEDEF(.AREA.,$,$,0.200,0.012);
#420=IFCCARTESIANPOINT((0.000,0.000,0.000));
#421=IFCDIRECTION((1.0000,0.0000,0.0000));
#422=IFCDIRECTION((0.0000,1.0000,0.0000));
#423=IFCAXIS2PLACEMENT3D(#420,#421,#422);
#424=IFCEXTRUDEDAREASOLID(#419,#423,#21,5.000);
#425=IFCCARTESIANPOINT((86.500,-35.475,6.400));
#426=IFCAXIS2PLACEMENT3D(#425,$,$);
#427=IFCLOCALPLACEMENT(#14,#426);
#428=IFCSHAPEREPRESENTATION(#6,'Body','SweptSolid',(#424));
#429=IFCPRODUCTDEFINITIONSHAPE($,$,(#428));
#430=IFCPIPESEGMENT('0Jm9jVshh_pKgmFyOoTYJE',$,'Spool A20-SP-0001',$,$,#427,#429,'A20-SP-0001',.RIGIDSEGMENT.);
#431=IFCCIRCLEHOLLOWPROFILEDEF(.AREA.,$,$,0.200,0.012);
#432=IFCCARTESIANPOINT((0.000,0.000,0.000));
#433=IFCAXIS2PLACEMENT3D(#432,#421,#422);
#434=IFCEXTRUDEDAREASOLID(#431,#433,#21,5.000);
#435=IFCCARTESIANPOINT((86.675,-36.775,6.400));
#436=IFCAXIS2PLACEMENT3D(#435,$,$);
#437=IFCLOCALPLACEMENT(#14,#436);
#438=IFCSHAPEREPRESENTATION(#6,'Body','SweptSolid',(#434));
#439=IFCPRODUCTDEFINITIONSHAPE($,$,(#438));
#440=IFCPIPESEGMENT('3VQCnethautl8MoZmmLStr',$,'Spool A20-SP-0002',$,$,#437,#439,'A20-SP-0002',.RIGIDSEGMENT.);
#441=IFCCIRCLEHOLLOWPROFILEDEF(.AREA.,$,$,0.200,0.012);
#442=IFCCARTESIANPOINT((0.000,0.000,0.000));
#443=IFCAXIS2PLACEMENT3D(#442,#421,#422);
#444=IFCEXTRUDEDAREASOLID(#441,#443,#21,5.000);
#445=IFCCARTESIANPOINT((84.500,-38.450,6.400));
#446=IFCAXIS2PLACEMENT3D(#445,$,$);
#447=IFCLOCALPLACEMENT(#14,#446);
#448=IFCSHAPEREPRESENTATION(#6,'Body','SweptSolid',(#444));
#449=IFCPRODUCTDEFINITIONSHAPE($,$,(#448));
#450=IFCPIPESEGMENT('19TIOJxrF5JOHVQCeOX9UW',$,'Spool A20-SP-0003',$,$,#447,#449,'A20-SP-0003',.RIGIDSEGMENT.);
#451=IFCCIRCLEHOLLOWPROFILEDEF(.AREA.,$,$,0.200,0.012);
#452=IFCCARTESIANPOINT((0.000,0.000,0.000));
#453=IFCAXIS2PLACEMENT3D(#452,#421,#422);
#454=IFCEXTRUDEDAREASOLID(#451,#453,#21,5.000);
#455=IFCCARTESIANPOINT((84.500,-36.600,6.400));
#456=IFCAXIS2PLACEMENT3D(#455,$,$);
#457=IFCLOCALPLACEMENT(#14,#456);
#458=IFCSHAPEREPRESENTATION(#6,'Body','SweptSolid',(#454));
#459=IFCPRODUCTDEFINITIONSHAPE($,$,(#458));
#460=IFCPIPESEGMENT('0Og3godnWfjokGdpstSHqk',$,'Spool A20-SP-0004',$,$,#457,#459,'A20-SP-0004',.RIGIDSEGMENT.);
#461=IFCCIRCLEHOLLOWPROFILEDEF(.AREA.,$,$,0.200,0.012);
#462=IFCCARTESIANPOINT((0.000,0.000,0.000));
#463=IFCAXIS2PLACEMENT3D(#462,#421,#422);
#464=IFCEXTRUDEDAREASOLID(#461,#463,#21,5.000);
#465=IFCCARTESIANPOINT((84.500,-38.450,6.400));
#466=IFCAXIS2PLACEMENT3D(#465,$,$);
#467=IFCLOCALPLACEMENT(#14,#466);
#468=IFCSHAPEREPRESENTATION(#6,'Body','SweptSolid',(#464));
#469=IFCPRODUCTDEFINITIONSHAPE($,$,(#468));
#470=IFCPIPESEGMENT('2li1ENwc8UisYkXejGhla3',$,'Spool A20-SP-0005',$,$,#467,#469,'A20-SP-0005',.RIGIDSEGMENT.);
#471=IFCCIRCLEHOLLOWPROFILEDEF(.AREA.,$,$,0.200,0.012);
#472=IFCCARTESIANPOINT((0.000,0.000,0.000));
#473=IFCAXIS2PLACEMENT3D(#472,#421,#422);
#474=IFCEXTRUDEDAREASOLID(#471,#473,#21,5.000);
#475=IFCCARTESIANPOINT((92.075,-30.025,6.400));
#476=IFCAXIS2PLACEMENT3D(#475,$,$);
#477=IFCLOCALPLACEMENT(#14,#476);
#478=IFCSHAPEREPRESENTATION(#6,'Body','SweptSolid',(#474));
#479=IFCPRODUCTDEFINITIONSHAPE($,$,(#478));
#480=IFCPIPESEGMENT('0pct_IHWp3jNq3NzGsO7L8',$,'Spool A20-SP-0006',$,$,#477,#479,'A20-SP-0006',.RIGIDSEGMENT.);
#481=IFCCIRCLEHOLLOWPROFILEDEF(.AREA.,$,$,0.200,0.012);
#482=IFCCARTESIANPOINT((0.000,0.000,0.000));
#483=IFCAXIS2PLACEMENT3D(#482,#421,#422);
#484=IFCEXTRUDEDAREASOLID(#481,#483,#21,5.000);
#485=IFCCARTESIANPOINT((84.500,-40.475,6.400));
#486=IFCAXIS2PLACEMENT3D(#485,$,$);
#487=IFCLOCALPLACEMENT(#14,#486);
#488=IFCSHAPEREPRESENTATION(#6,'Body','SweptSolid',(#484));
#489=IFCPRODUCTDEFINITIONSHAPE($,$,(#488));
#490=IFCPIPESEGMENT('0r6hr1ESrJZqIBfL_eqsHr',$,'Spool A20-SP-0007',$,$,#487,#489,'A20-SP-0007',.RIGIDSEGMENT.);
#491=IFCCIRCLEHOLLOWPROFILEDEF(.AREA.,$,$,0.200,0.012);
#492=IFCCARTESIANPOINT((0.000,0.000,0.000));
#493=IFCAXIS2PLACEMENT3D(#492,#421,#422);
#494=IFCEXTRUDEDAREASOLID(#491,#493,#21,5.000);
#495=IFCCARTESIANPOINT((153.500,-52.950,6.400));
#496=IFCAXIS2PLACEMENT3D(#495,$,$);
#497=IFCLOCALPLACEMENT(#14,#496);
#498=IFCSHAPEREPRESENTATION(#6,'Body','SweptSolid',(#494));
#499=IFCPRODUCTDEFINITIONSHAPE($,$,(#498));
#500=IFCPIPESEGMENT('3I1nIOhYck8uaWgZ7v$1vj',$,'Spool A20-SP-0008',$,$,#497,#499,'A20-SP-0008',.RIGIDSEGMENT.);
#501=IFCCIRCLEHOLLOWPROFILEDEF(.AREA.,$,$,0.200,0.012);
#502=IFCCARTESIANPOINT((0.000,0.000,0.000));
#503=IFCAXIS2PLACEMENT3D(#502,#421,#422);
#504=IFCEXTRUDEDAREASOLID(#501,#503,#21,5.000);
#505=IFCCARTESIANPOINT((150.175,-51.075,6.400));
#506=IFCAXIS2PLACEMENT3D(#505,$,$);
#507=IFCLOCALPLACEMENT(#14,#506);
#508=IFCSHAPEREPRESENTATION(#6,'Body','SweptSolid',(#504));
#509=IFCPRODUCTDEFINITIONSHAPE($,$,(#508));
#510=IFCPIPESEGMENT('3vCSI9zeS220KtfCGrz5bo',$,'Spool A20-SP-0009',$,$,#507,#509,'A20-SP-0009',.RIGIDSEGMENT.);
#511=IFCCIRCLEHOLLOWPROFILEDEF(.AREA.,$,$,0.200,0.012);
#512=IFCCARTESIANPOINT((0.000,0.000,0.000));
#513=IFCAXIS2PLACEMENT3D(#512,#421,#422);
#514=IFCEXTRUDEDAREASOLID(#511,#513,#21,5.000);
#515=IFCCARTESIANPOINT((147.225,-56.375,6.400));
#516=IFCAXIS2PLACEMENT3D(#515,$,$);
#517=IFCLOCALPLACEMENT(#14,#516);
#518=IFCSHAPEREPRESENTATION(#6,'Body','SweptSolid',(#514));
#519=IFCPRODUCTDEFINITIONSHAPE($,$,(#518));
#520=IFCPIPESEGMENT('2ETWgFyWhIPNhADTbjMPg2',$,'Spool A20-SP-0010',$,$,#517,#519,'A20-SP-0010',.RIGIDSEGMENT.);
#521=IFCCIRCLEHOLLOWPROFILEDEF(.AREA.,$,$,0.200,0.012);
#522=IFCCARTESIANPOINT((0.000,0.000,0.000));
#523=IFCAXIS2PLACEMENT3D(#522,#421,#422);
#524=IFCEXTRUDEDAREASOLID(#521,#523,#21,5.000);
#525=IFCCARTESIANPOINT((160.450,-49.375,6.400));
#526=IFCAXIS2PLACEMENT3D(#525,$,$);
#527=IFCLOCALPLACEMENT(#14,#526);
#528=IFCSHAPEREPRESENTATION(#6,'Body','SweptSolid',(#524));
#529=IFCPRODUCTDEFINITIONSHAPE($,$,(#528));
#530=IFCPIPESEGMENT('0flBzHLNAlpcAoDg9E9F0C',$,'Spool A20-SP-0011',$,$,#527,#529,'A20-SP-0011',.RIGIDSEGMENT.);
#531=IFCCIRCLEHOLLOWPROFILEDEF(.AREA.,$,$,0.200,0.012);
#532=IFCCARTESIANPOINT((0.000,0.000,0.000));
#533=IFCAXIS2PLACEMENT3D(#532,#421,#422);
#534=IFCEXTRUDEDAREASOLID(#531,#533,#21,5.000);
#535=IFCCARTESIANPOINT((158.475,-54.650,6.400));
#536=IFCAXIS2PLACEMENT3D(#535,$,$);
#537=IFCLOCALPLACEMENT(#14,#536);
#538=IFCSHAPEREPRESENTATION(#6,'Body','SweptSolid',(#534));
#539=IFCPRODUCTDEFINITIONSHAPE($,$,(#538));
#540=IFCPIPESEGMENT('1gNEYqqFPmTUCd7RzmKXfM',$,'Spool A20-SP-0012',$,$,#537,#539,'A20-SP-0012',.RIGIDSEGMENT.);
#541=IFCRECTANGLEPROFILEDEF(.AREA.,$,$,0.600,0.150);
#542=IFCCARTESIANPOINT((0.000,0.000,0.000));
#543=IFCAXIS2PLACEMENT3D(#542,#421,#422);
#544=IFCEXTRUDEDAREASOLID(#541,#543,#21,4.000);
#545=IFCCARTESIANPOINT((134.450,-43.925,9.200));
#546=IFCAXIS2PLACEMENT3D(#545,$,$);
#547=IFCLOCALPLACEMENT(#14,#546);
#548=IFCSHAPEREPRESENTATION(#6,'Body','SweptSolid',(#544));
#549=IFCPRODUCTDEFINITIONSHAPE($,$,(#548));
#550=IFCCABLECARRIERSEGMENT('2iqk1D6DzobF$f$u8rs06I',$,'Cable A20-CBL-0001',$,$,#547,#549,'A20-CBL-0001',.CABLETRAYSEGMENT.);
#551=IFCRECTANGLEPROFILEDEF(.AREA.,$,$,0.600,0.150);
#552=IFCCARTESIANPOINT((0.000,0.000,0.000));
#553=IFCAXIS2PLACEMENT3D(#552,#421,#422);
#554=IFCEXTRUDEDAREASOLID(#551,#553,#21,4.000);
#555=IFCCARTESIANPOINT((134.325,-41.375,9.200));
#556=IFCAXIS2PLACEMENT3D(#555,$,$);
#557=IFCLOCALPLACEMENT(#14,#556);
#558=IFCSHAPEREPRESENTATION(#6,'Body','SweptSolid',(#554));
#559=IFCPRODUCTDEFINITIONSHAPE($,$,(#558));
#560=IFCCABLECARRIERSEGMENT('3i9QRuPsX$RigSa9YpQYkQ',$,'Cable A20-CBL-0002',$,$,#557,#559,'A20-CBL-0002',.CABLETRAYSEGMENT.);
#561=IFCRECTANGLEPROFILEDEF(.AREA.,$,$,0.600,0.150);
#562=IFCCARTESIANPOINT((0.000,0.000,0.000));
#563=IFCAXIS2PLACEMENT3D(#562,#421,#422);
#564=IFCEXTRUDEDAREASOLID(#561,#563,#21,4.000);
#565=IFCCARTESIANPOINT((138.950,-41.350,9.200));
#566=IFCAXIS2PLACEMENT3D(#565,$,$);
#567=IFCLOCALPLACEMENT(#14,#566);
#568=IFCSHAPEREPRESENTATION(#6,'Body','SweptSolid',(#564));
#569=IFCPRODUCTDEFINITIONSHAPE($,$,(#568));
#570=IFCCABLECARRIERSEGMENT('16oliKdSRifVmu1oR9WLXx',$,'Cable A20-CBL-0003',$,$,#567,#569,'A20-CBL-0003',.CABLETRAYSEGMENT.);
#571=IFCRECTANGLEPROFILEDEF(.AREA.,$,$,0.600,0.150);
#572=IFCCARTESIANPOINT((0.000,0.000,0.000));
#573=IFCAXIS2PLACEMENT3D(#572,#421,#422);
#574=IFCEXTRUDEDAREASOLID(#571,#573,#21,4.000);
#575=IFCCARTESIANPOINT((133.925,-47.175,9.200));
#576=IFCAXIS2PLACEMENT3D(#575,$,$);
#577=IFCLOCALPLACEMENT(#14,#576);
#578=IFCSHAPEREPRESENTATION(#6,'Body','SweptSolid',(#574));
#579=IFCPRODUCTDEFINITIONSHAPE($,$,(#578));
#580=IFCCABLECARRIERSEGMENT('23ptcMuz_UHyZG6Deok5jZ',$,'Cable A20-CBL-0004',$,$,#577,#579,'A20-CBL-0004',.CABLETRAYSEGMENT.);
#581=IFCRECTANGLEPROFILEDEF(.AREA.,$,$,0.600,0.150);
#582=IFCCARTESIANPOINT((0.000,0.000,0.000));
#583=IFCAXIS2PLACEMENT3D(#582,#421,#422);
#584=IFCEXTRUDEDAREASOLID(#581,#583,#21,4.000);
#585=IFCCARTESIANPOINT((132.425,-47.250,9.200));
#586=IFCAXIS2PLACEMENT3D(#585,$,$);
#587=IFCLOCALPLACEMENT(#14,#586);
#588=IFCSHAPEREPRESENTATION(#6,'Body','SweptSolid',(#584));
#589=IFCPRODUCTDEFINITIONSHAPE($,$,(#588));
#590=IFCCABLECARRIERSEGMENT('099uHwnn5sO0yt$BmJtC18',$,'Cable A20-CBL-0005',$,$,#587,#589,'A20-CBL-0005',.CABLETRAYSEGMENT.);
#591=IFCRECTANGLEPROFILEDEF(.AREA.,$,$,0.400,0.400);
#592=IFCCARTESIANPOINT((0.000,0.000,0.000));
#593=IFCAXIS2PLACEMENT3D(#592,$,$);
#594=IFCEXTRUDEDAREASOLID(#591,#593,#21,0.600);
#595=IFCCARTESIANPOINT((91.025,-24.950,1.100));
#596=IFCAXIS2PLACEMENT3D(#595,$,$);
#597=IFCLOCALPLACEMENT(#14,#596);
#598=IFCSHAPEREPRESENTATION(#6,'Body','SweptSolid',(#594));
#599=IFCPRODUCTDEFINITIONSHAPE($,$,(#598));
#600=IFCBUILDINGELEMENTPROXY('0ix73OS9eZIhJVu0rRNTQO',$,'Instrument A20-INS-0001',$,$,#597,#599,'A20-INS-0001',$);
#601=IFCRECTANGLEPROFILEDEF(.AREA.,$,$,0.400,0.400);
#602=IFCCARTESIANPOINT((0.000,0.000,0.000));
#603=IFCAXIS2PLACEMENT3D(#602,$,$);
#604=IFCEXTRUDEDAREASOLID(#601,#603,#21,0.600);
#605=IFCCARTESIANPOINT((90.650,-29.100,1.100));
#606=IFCAXIS2PLACEMENT3D(#605,$,$);
#607=IFCLOCALPLACEMENT(#14,#606);
#608=IFCSHAPEREPRESENTATION(#6,'Body','SweptSolid',(#604));
#609=IFCPRODUCTDEFINITIONSHAPE($,$,(#608));
#610=IFCBUILDINGELEMENTPROXY('3zxz4o5GUuYUkb5E3lbh2f',$,'Instrument A20-INS-0002',$,$,#607,#609,'A20-INS-0002',$);
#611=IFCRECTANGLEPROFILEDEF(.AREA.,$,$,0.400,0.400);
#612=IFCCARTESIANPOINT((0.000,0.000,0.000));
#613=IFCAXIS2PLACEMENT3D(#612,$,$);
#614=IFCEXTRUDEDAREASOLID(#611,#613,#21,0.600);
#615=IFCCARTESIANPOINT((87.625,-26.925,1.100));
#616=IFCAXIS2PLACEMENT3D(#615,$,$);
#617=IFCLOCALPLACEMENT(#14,#616);
#618=IFCSHAPEREPRESENTATION(#6,'Body','SweptSolid',(#614));
#619=IFCPRODUCTDEFINITIONSHAPE($,$,(#618));
#620=IFCBUILDINGELEMENTPROXY('2rNoEOr4tQnerWz$2QI518',$,'Instrument A20-INS-0003',$,$,#617,#619,'A20-INS-0003',$);
#621=IFCRECTANGLEPROFILEDEF(.AREA.,$,$,0.400,0.400);
#622=IFCCARTESIANPOINT((0.000,0.000,0.000));
#623=IFCAXIS2PLACEMENT3D(#622,$,$);
#624=IFCEXTRUDEDAREASOLID(#621,#623,#21,0.600);
#625=IFCCARTESIANPOINT((96.550,-29.925,1.100));
#626=IFCAXIS2PLACEMENT3D(#625,$,$);
#627=IFCLOCALPLACEMENT(#14,#626);
#628=IFCSHAPEREPRESENTATION(#6,'Body','SweptSolid',(#624));
#629=IFCPRODUCTDEFINITIONSHAPE($,$,(#628));
#630=IFCBUILDINGELEMENTPROXY('03UA27yWgbzf3UE222Snuf',$,'Instrument A20-INS-0004',$,$,#627,#629,'A20-INS-0004',$);
#631=IFCRECTANGLEPROFILEDEF(.AREA.,$,$,0.400,0.400);
#632=IFCCARTESIANPOINT((0.000,0.000,0.000));
#633=IFCAXIS2PLACEMENT3D(#632,$,$);
#634=IFCEXTRUDEDAREASOLID(#631,#633,#21,0.600);
#635=IFCCARTESIANPOINT((89.275,-26.550,1.100));
#636=IFCAXIS2PLACEMENT3D(#635,$,$);
#637=IFCLOCALPLACEMENT(#14,#636);
#638=IFCSHAPEREPRESENTATION(#6,'Body','SweptSolid',(#634));
#639=IFCPRODUCTDEFINITIONSHAPE($,$,(#638));
#640=IFCBUILDINGELEMENTPROXY('24k6E01l1kWqvKo97QbPKC',$,'Instrument A20-INS-0005',$,$,#637,#639,'A20-INS-0005',$);
#641=IFCRECTANGLEPROFILEDEF(.AREA.,$,$,0.400,0.400);
#642=IFCCARTESIANPOINT((0.000,0.000,0.000));
#643=IFCAXIS2PLACEMENT3D(#642,$,$);
#644=IFCEXTRUDEDAREASOLID(#641,#643,#21,0.600);
#645=IFCCARTESIANPOINT((95.600,-21.475,1.100));
#646=IFCAXIS2PLACEMENT3D(#645,$,$);
#647=IFCLOCALPLACEMENT(#14,#646);
#648=IFCSHAPEREPRESENTATION(#6,'Body','SweptSolid',(#644));
#649=IFCPRODUCTDEFINITIONSHAPE($,$,(#648));
#650=IFCBUILDINGELEMENTPROXY('1w8BSFxXjyR57kNrCp4Bhb',$,'Instrument A20-INS-0006',$,$,#647,#649,'A20-INS-0006',$);
#651=IFCRECTANGLEPROFILEDEF(.AREA.,$,$,0.400,0.400);
#652=IFCCARTESIANPOINT((0.000,0.000,0.000));
#653=IFCAXIS2PLACEMENT3D(#652,$,$);
#654=IFCEXTRUDEDAREASOLID(#651,#653,#21,0.600);
#655=IFCCARTESIANPOINT((145.175,-35.175,1.100));
#656=IFCAXIS2PLACEMENT3D(#655,$,$);
#657=IFCLOCALPLACEMENT(#14,#656);
#658=IFCSHAPEREPRESENTATION(#6,'Body','SweptSolid',(#654));
#659=IFCPRODUCTDEFINITIONSHAPE($,$,(#658));
#660=IFCBUILDINGELEMENTPROXY('3E8Fc3oMSMxGIIAZBA9CdX',$,'Instrument A20-INS-0007',$,$,#657,#659,'A20-INS-0007',$);
#661=IFCRECTANGLEPROFILEDEF(.AREA.,$,$,0.400,0.400);
#662=IFCCARTESIANPOINT((0.000,0.000,0.000));
#663=IFCAXIS2PLACEMENT3D(#662,$,$);
#664=IFCEXTRUDEDAREASOLID(#661,#663,#21,0.600);
#665=IFCCARTESIANPOINT((149.150,-35.325,1.100));
#666=IFCAXIS2PLACEMENT3D(#665,$,$);
#667=IFCLOCALPLACEMENT(#14,#666);
#668=IFCSHAPEREPRESENTATION(#6,'Body','SweptSolid',(#664));
#669=IFCPRODUCTDEFINITIONSHAPE($,$,(#668));
#670=IFCBUILDINGELEMENTPROXY('1Yjz7uXVamrCmZej2JnyfS',$,'Instrument A20-INS-0008',$,$,#667,#669,'A20-INS-0008',$);
#671=IFCRECTANGLEPROFILEDEF(.AREA.,$,$,0.400,0.400);
#672=IFCCARTESIANPOINT((0.000,0.000,0.000));
#673=IFCAXIS2PLACEMENT3D(#672,$,$);
#674=IFCEXTRUDEDAREASOLID(#671,#673,#21,0.600);
#675=IFCCARTESIANPOINT((143.850,-32.825,1.100));
#676=IFCAXIS2PLACEMENT3D(#675,$,$);
#677=IFCLOCALPLACEMENT(#14,#676);
#678=IFCSHAPEREPRESENTATION(#6,'Body','SweptSolid',(#674));
#679=IFCPRODUCTDEFINITIONSHAPE($,$,(#678));
#680=IFCBUILDINGELEMENTPROXY('1T0d_qDnH6C8NRj3Xwkjnt',$,'Instrument A20-INS-0009',$,$,#677,#679,'A20-INS-0009',$);
#681=IFCRECTANGLEPROFILEDEF(.AREA.,$,$,0.400,0.400);
#682=IFCCARTESIANPOINT((0.000,0.000,0.000));
#683=IFCAXIS2PLACEMENT3D(#682,$,$);
#684=IFCEXTRUDEDAREASOLID(#681,#683,#21,0.600);
#685=IFCCARTESIANPOINT((148.250,-34.800,1.100));
#686=IFCAXIS2PLACEMENT3D(#685,$,$);
#687=IFCLOCALPLACEMENT(#14,#686);
#688=IFCSHAPEREPRESENTATION(#6,'Body','SweptSolid',(#684));
#689=IFCPRODUCTDEFINITIONSHAPE($,$,(#688));
#690=IFCBUILDINGELEMENTPROXY('1ykK5lXZT_J3XLLGRV0iy7',$,'Instrument A20-INS-0010',$,$,#687,#689,'A20-INS-0010',$);
#691=IFCRECTANGLEPROFILEDEF(.AREA.,$,$,0.400,0.400);
#692=IFCCARTESIANPOINT((0.000,0.000,0.000));
#693=IFCAXIS2PLACEMENT3D(#692,$,$);
#694=IFCEXTRUDEDAREASOLID(#691,#693,#21,0.600);
#695=IFCCARTESIANPOINT((138.350,-37.000,1.100));
#696=IFCAXIS2PLACEMENT3D(#695,$,$);
#697=IFCLOCALPLACEMENT(#14,#696);
#698=IFCSHAPEREPRESENTATION(#6,'Body','SweptSolid',(#694));
#699=IFCPRODUCTDEFINITIONSHAPE($,$,(#698));
#700=IFCBUILDINGELEMENTPROXY('1dM7IToaMRb6lUKs6g2bWp',$,'Instrument A20-INS-0011',$,$,#697,#699,'A20-INS-0011',$);
#701=IFCRECTANGLEPROFILEDEF(.AREA.,$,$,0.400,0.400);
#702=IFCCARTESIANPOINT((0.000,0.000,0.000));
#703=IFCAXIS2PLACEMENT3D(#702,$,$);
#704=IFCEXTRUDEDAREASOLID(#701,#703,#21,0.600);
#705=IFCCARTESIANPOINT((147.100,-30.225,1.100));
#706=IFCAXIS2PLACEMENT3D(#705,$,$);
#707=IFCLOCALPLACEMENT(#14,#706);
#708=IFCSHAPEREPRESENTATION(#6,'Body','SweptSolid',(#704));
#709=IFCPRODUCTDEFINITIONSHAPE($,$,(#708));
#710=IFCBUILDINGELEMENTPROXY('0OHnZX7Nzsae$tdxcdkx$v',$,'Instrument A20-INS-0012',$,$,#707,#709,'A20-INS-0012',$);
#711=IFCRECTANGLEPROFILEDEF(.AREA.,$,$,0.400,0.400);
#712=IFCCARTESIANPOINT((0.000,0.000,0.000));
#713=IFCAXIS2PLACEMENT3D(#712,$,$);
#714=IFCEXTRUDEDAREASOLID(#711,#713,#21,0.600);
#715=IFCCARTESIANPOINT((138.600,-35.000,1.100));
#716=IFCAXIS2PLACEMENT3D(#715,$,$);
#717=IFCLOCALPLACEMENT(#14,#716);
#718=IFCSHAPEREPRESENTATION(#6,'Body','SweptSolid',(#714));
#719=IFCPRODUCTDEFINITIONSHAPE($,$,(#718));
#720=IFCBUILDINGELEMENTPROXY('10TIUpBqSTvLzx7JK2d34V',$,'Instrument A20-INS-0013',$,$,#717,#719,'A20-INS-0013',$);
#721=IFCRECTANGLEPROFILEDEF(.AREA.,$,$,0.400,0.400);
#722=IFCCARTESIANPOINT((0.000,0.000,0.000));
#723=IFCAXIS2PLACEMENT3D(#722,$,$);
#724=IFCEXTRUDEDAREASOLID(#721,#723,#21,0.600);
#725=IFCCARTESIANPOINT((145.750,-32.650,1.100));
#726=IFCAXIS2PLACEMENT3D(#725,$,$);
#727=IFCLOCALPLACEMENT(#14,#726);
#728=IFCSHAPEREPRESENTATION(#6,'Body','SweptSolid',(#724));
#729=IFCPRODUCTDEFINITIONSHAPE($,$,(#728));
#730=IFCBUILDINGELEMENTPROXY('2hVQIuATg_dmtO9D0AjzGN',$,'Instrument A20-INS-0014',$,$,#727,#729,'A20-INS-0014',$);
#731=IFCRECTANGLEPROFILEDEF(.AREA.,$,$,0.400,0.400);
#732=IFCCARTESIANPOINT((0.000,0.000,0.000));
#733=IFCAXIS2PLACEMENT3D(#732,$,$);
#734=IFCEXTRUDEDAREASOLID(#731,#733,#21,0.600);
#735=IFCCARTESIANPOINT((150.450,-34.850,1.100));
#736=IFCAXIS2PLACEMENT3D(#735,$,$);
#737=IFCLOCALPLACEMENT(#14,#736);
#738=IFCSHAPEREPRESENTATION(#6,'Body','SweptSolid',(#734));
#739=IFCPRODUCTDEFINITIONSHAPE($,$,(#738));
#740=IFCBUILDINGELEMENTPROXY('0s_DoDZK0JlKizGfhLQHM5',$,'Instrument A20-INS-0015',$,$,#737,#739,'A20-INS-0015',$);
#741=IFCRECTANGLEPROFILEDEF(.AREA.,$,$,0.400,0.400);
#742=IFCCARTESIANPOINT((0.000,0.000,0.000));
#743=IFCAXIS2PLACEMENT3D(#742,$,$);
#744=IFCEXTRUDEDAREASOLID(#741,#743,#21,0.600);
#745=IFCCARTESIANPOINT((144.475,-31.625,1.100));
#746=IFCAXIS2PLACEMENT3D(#745,$,$);
#747=IFCLOCALPLACEMENT(#14,#746);
#748=IFCSHAPEREPRESENTATION(#6,'Body','SweptSolid',(#744));
#749=IFCPRODUCTDEFINITIONSHAPE($,$,(#748));
#750=IFCBUILDINGELEMENTPROXY('2iqgkmrP09ZgPlzT1ngLUN',$,'Instrument A20-INS-0016',$,$,#747,#749,'A20-INS-0016',$);
#751=IFCRECTANGLEPROFILEDEF(.AREA.,$,$,0.400,0.400);
#752=IFCCARTESIANPOINT((0.000,0.000,0.000));
#753=IFCAXIS2PLACEMENT3D(#752,$,$);
#754=IFCEXTRUDEDAREASOLID(#751,#753,#21,0.600);
#755=IFCCARTESIANPOINT((147.600,-49.625,1.100));
#756=IFCAXIS2PLACEMENT3D(#755,$,$);
#757=IFCLOCALPLACEMENT(#14,#756);
#758=IFCSHAPEREPRESENTATION(#6,'Body','SweptSolid',(#754));
#759=IFCPRODUCTDEFINITIONSHAPE($,$,(#758));
#760=IFCBUILDINGELEMENTPROXY('2ndTu3FxMQ5$YPHGzRiLBp',$,'Instrument A20-INS-0017',$,$,#757,#759,'A20-INS-0017',$);
#761=IFCRECTANGLEPROFILEDEF(.AREA.,$,$,0.400,0.400);
#762=IFCCARTESIANPOINT((0.000,0.000,0.000));
#763=IFCAXIS2PLACEMENT3D(#762,$,$);
#764=IFCEXTRUDEDAREASOLID(#761,#763,#21,0.600);
#765=IFCCARTESIANPOINT((152.850,-44.950,1.100));
#766=IFCAXIS2PLACEMENT3D(#765,$,$);
#767=IFCLOCALPLACEMENT(#14,#766);
#768=IFCSHAPEREPRESENTATION(#6,'Body','SweptSolid',(#764));
#769=IFCPRODUCTDEFINITIONSHAPE($,$,(#768));
#770=IFCBUILDINGELEMENTPROXY('0U2tGORednrUsr4mr3_Q5R',$,'Instrument A20-INS-0018',$,$,#767,#769,'A20-INS-0018',$);
#771=IFCRECTANGLEPROFILEDEF(.AREA.,$,$,0.400,0.400);
#772=IFCCARTESIANPOINT((0.000,0.000,0.000));
#773=IFCAXIS2PLACEMENT3D(#772,$,$);
#774=IFCEXTRUDEDAREASOLID(#771,#773,#21,0.600);
#775=IFCCARTESIANPOINT((146.800,-53.500,1.100));
#776=IFCAXIS2PLACEMENT3D(#775,$,$);
#777=IFCLOCALPLACEMENT(#14,#776);
#778=IFCSHAPEREPRESENTATION(#6,'Body','SweptSolid',(#774));
#779=IFCPRODUCTDEFINITIONSHAPE($,$,(#778));
#780=IFCBUILDINGELEMENTPROXY('2aa5Hx4M4llT9JUzqNUtCd',$,'Instrument A20-INS-0019',$,$,#777,#779,'A20-INS-0019',$);
#781=IFCRECTANGLEPROFILEDEF(.AREA.,$,$,0.400,0.400);
#782=IFCCARTESIANPOINT((0.000,0.000,0.000));
#783=IFCAXIS2PLACEMENT3D(#782,$,$);
#784=IFCEXTRUDEDAREASOLID(#781,#783,#21,0.600);
#785=IFCCARTESIANPOINT((143.975,-46.825,1.100));
#786=IFCAXIS2PLACEMENT3D(#785,$,$);
#787=IFCLOCALPLACEMENT(#14,#786);
#788=IFCSHAPEREPRESENTATION(#6,'Body','SweptSolid',(#784));
#789=IFCPRODUCTDEFINITIONSHAPE($,$,(#788));
#790=IFCBUILDINGELEMENTPROXY('0IHX$aMyPG_ct0rKC2bYAQ',$,'Instrument A20-INS-0020',$,$,#787,#789,'A20-INS-0020',$);
#791=IFCRECTANGLEPROFILEDEF(.AREA.,$,$,0.400,0.400);
#792=IFCCARTESIANPOINT((0.000,0.000,0.000));
#793=IFCAXIS2PLACEMENT3D(#792,$,$);
#794=IFCEXTRUDEDAREASOLID(#791,#793,#21,0.600);
#795=IFCCARTESIANPOINT((149.025,-52.575,1.100));
#796=IFCAXIS2PLACEMENT3D(#795,$,$);
#797=IFCLOCALPLACEMENT(#14,#796);
#798=IFCSHAPEREPRESENTATION(#6,'Body','SweptSolid',(#794));
#799=IFCPRODUCTDEFINITIONSHAPE($,$,(#798));
#800=IFCBUILDINGELEMENTPROXY('1$gYwJiHoCaDJgSh1ZnS4m',$,'Instrument A20-INS-0021',$,$,#797,#799,'A20-INS-0021',$);
#801=IFCRECTANGLEPROFILEDEF(.AREA.,$,$,0.400,0.400);
#802=IFCCARTESIANPOINT((0.000,0.000,0.000));
#803=IFCAXIS2PLACEMENT3D(#802,$,$);
#804=IFCEXTRUDEDAREASOLID(#801,#803,#21,0.600);
#805=IFCCARTESIANPOINT((150.250,-45.800,1.100));
#806=IFCAXIS2PLACEMENT3D(#805,$,$);
#807=IFCLOCALPLACEMENT(#14,#806);
#808=IFCSHAPEREPRESENTATION(#6,'Body','SweptSolid',(#804));
#809=IFCPRODUCTDEFINITIONSHAPE($,$,(#808));
#810=IFCBUILDINGELEMENTPROXY('3EnaL113RB93qDmLTeaFLQ',$,'Instrument A20-INS-0022',$,$,#807,#809,'A20-INS-0022',$);
#811=IFCRECTANGLEPROFILEDEF(.AREA.,$,$,0.400,0.400);
#812=IFCCARTESIANPOINT((0.000,0.000,0.000));
#813=IFCAXIS2PLACEMENT3D(#812,$,$);
#814=IFCEXTRUDEDAREASOLID(#811,#813,#21,0.600);
#815=IFCCARTESIANPOINT((148.075,-54.900,1.100));
#816=IFCAXIS2PLACEMENT3D(#815,$,$);
#817=IFCLOCALPLACEMENT(#14,#816);
#818=IFCSHAPEREPRESENTATION(#6,'Body','SweptSolid',(#814));
#819=IFCPRODUCTDEFINITIONSHAPE($,$,(#818));
#820=IFCBUILDINGELEMENTPROXY('3vqoK7r1VuKepNs_ctRGbC',$,'Instrument A20-INS-0023',$,$,#817,#819,'A20-INS-0023',$);
#821=IFCRECTANGLEPROFILEDEF(.AREA.,$,$,0.400,0.400);
#822=IFCCARTESIANPOINT((0.000,0.000,0.000));
#823=IFCAXIS2PLACEMENT3D(#822,$,$);
#824=IFCEXTRUDEDAREASOLID(#821,#823,#21,0.600);
#825=IFCCARTESIANPOINT((144.925,-46.775,1.100));
#826=IFCAXIS2PLACEMENT3D(#825,$,$);
#827=IFCLOCALPLACEMENT(#14,#826);
#828=IFCSHAPEREPRESENTATION(#6,'Body','SweptSolid',(#824));
#829=IFCPRODUCTDEFINITIONSHAPE($,$,(#828));
#830=IFCBUILDINGELEMENTPROXY('0$R4DzlMF9smdYxssnRo2C',$,'Instrument A20-INS-0024',$,$,#827,#829,'A20-INS-0024',$);
#831=IFCRECTANGLEPROFILEDEF(.AREA.,$,$,0.400,0.400);
#832=IFCCARTESIANPOINT((0.000,0.000,0.000));
#833=IFCAXIS2PLACEMENT3D(#832,$,$);
#834=IFCEXTRUDEDAREASOLID(#831,#833,#21,0.600);
#835=IFCCARTESIANPOINT((149.775,-54.950,1.100));
#836=IFCAXIS2PLACEMENT3D(#835,$,$);
#837=IFCLOCALPLACEMENT(#14,#836);
#838=IFCSHAPEREPRESENTATION(#6,'Body','SweptSolid',(#834));
#839=IFCPRODUCTDEFINITIONSHAPE($,$,(#838));
#840=IFCBUILDINGELEMENTPROXY('0hdZrod3KFa1jGb_58$853',$,'Instrument A20-INS-0025',$,$,#837,#839,'A20-INS-0025',$);
#841=IFCRECTANGLEPROFILEDEF(.AREA.,$,$,0.400,0.400);
#842=IFCCARTESIANPOINT((0.000,0.000,0.000));
#843=IFCAXIS2PLACEMENT3D(#842,$,$);
#844=IFCEXTRUDEDAREASOLID(#841,#843,#21,0.600);
#845=IFCCARTESIANPOINT((171.725,-45.975,1.100));
#846=IFCAXIS2PLACEMENT3D(#845,$,$);
#847=IFCLOCALPLACEMENT(#14,#846);
#848=IFCSHAPEREPRESENTATION(#6,'Body','SweptSolid',(#844));
#849=IFCPRODUCTDEFINITIONSHAPE($,$,(#848));
#850=IFCBUILDINGELEMENTPROXY('3UyWTU_i__kiPEXM21Oyzb',$,'Instrument A20-INS-0026',$,$,#847,#849,'A20-INS-0026',$);
#851=IFCRECTANGLEPROFILEDEF(.AREA.,$,$,0.400,0.400);
#852=IFCCARTESIANPOINT((0.000,0.000,0.000));
#853=IFCAXIS2PLACEMENT3D(#852,$,$);
#854=IFCEXTRUDEDAREASOLID(#851,#853,#21,0.600);
#855=IFCCARTESIANPOINT((170.400,-43.800,1.100));
#856=IFCAXIS2PLACEMENT3D(#855,$,$);
#857=IFCLOCALPLACEMENT(#14,#856);
#858=IFCSHAPEREPRESENTATION(#6,'Body','SweptSolid',(#854));
#859=IFCPRODUCTDEFINITIONSHAPE($,$,(#858));
#860=IFCBUILDINGELEMENTPROXY('2fLY6FWq0du917d0aEpEPr',$,'Instrument A20-INS-0027',$,$,#857,#859,'A20-INS-0027',$);
#861=IFCRECTANGLEPROFILEDEF(.AREA.,$,$,0.400,0.400);
#862=IFCCARTESIANPOINT((0.000,0.000,0.000));
#863=IFCAXIS2PLACEMENT3D(#862,$,$);
#864=IFCEXTRUDEDAREASOLID(#861,#863,#21,0.600);
#865=IFCCARTESIANPOINT((175.050,-48.125,1.100));
#866=IFCAXIS2PLACEMENT3D(#865,$,$);
#867=IFCLOCALPLACEMENT(#14,#866);
#868=IFCSHAPEREPRESENTATION(#6,'Body','SweptSolid',(#864));
#869=IFCPRODUCTDEFINITIONSHAPE($,$,(#868));
#870=IFCBUILDINGELEMENTPROXY('1MU3fX078M_CCNGdx7tgY9',$,'Instrument A20-INS-0028',$,$,#867,#869,'A20-INS-0028',$);
#871=IFCRECTANGLEPROFILEDEF(.AREA.,$,$,0.400,0.400);
#872=IFCCARTESIANPOINT((0.000,0.000,0.000));
#873=IFCAXIS2PLACEMENT3D(#872,$,$);
#874=IFCEXTRUDEDAREASOLID(#871,#873,#21,0.600);
#875=IFCCARTESIANPOINT((175.350,-47.925,1.100));
#876=IFCAXIS2PLACEMENT3D(#875,$,$);
#877=IFCLOCALPLACEMENT(#14,#876);
#878=IFCSHAPEREPRESENTATION(#6,'Body','SweptSolid',(#874));
#879=IFCPRODUCTDEFINITIONSHAPE($,$,(#878));
#880=IFCBUILDINGELEMENTPROXY('3yi$cqnEMa5O9LhJ9Wgs9b',$,'Instrument A20-INS-0029',$,$,#877,#879,'A20-INS-0029',$);
#881=IFCRECTANGLEPROFILEDEF(.AREA.,$,$,0.400,0.400);
#882=IFCCARTESIANPOINT((0.000,0.000,0.000));
#883=IFCAXIS2PLACEMENT3D(#882,$,$);
#884=IFCEXTRUDEDAREASOLID(#881,#883,#21,0.600);
#885=IFCCARTESIANPOINT((173.275,-44.225,1.100));
#886=IFCAXIS2PLACEMENT3D(#885,$,$);
#887=IFCLOCALPLACEMENT(#14,#886);
#888=IFCSHAPEREPRESENTATION(#6,'Body','SweptSolid',(#884));
#889=IFCPRODUCTDEFINITIONSHAPE($,$,(#888));
#890=IFCBUILDINGELEMENTPROXY('2wMGiep_r4tsTrSz2_G4Fn',$,'Instrument A20-INS-0030',$,$,#887,#889,'A20-INS-0030',$);
#891=IFCRECTANGLEPROFILEDEF(.AREA.,$,$,0.400,0.400);
#892=IFCCARTESIANPOINT((0.000,0.000,0.000));
#893=IFCAXIS2PLACEMENT3D(#892,$,$);
#894=IFCEXTRUDEDAREASOLID(#891,#893,#21,0.600);
#895=IFCCARTESIANPOINT((169.350,-42.725,1.100));
#896=IFCAXIS2PLACEMENT3D(#895,$,$);
#897=IFCLOCALPLACEMENT(#14,#896);
#898=IFCSHAPEREPRESENTATION(#6,'Body','SweptSolid',(#894));
#899=IFCPRODUCTDEFINITIONSHAPE($,$,(#898));
#900=IFCBUILDINGELEMENTPROXY('1iD1n3ahJyBGmwcIfSI5cn',$,'Instrument A20-INS-0031',$,$,#897,#899,'A20-INS-0031',$);
#901=IFCRECTANGLEPROFILEDEF(.AREA.,$,$,0.400,0.400);
#902=IFCCARTESIANPOINT((0.000,0.000,0.000));
#903=IFCAXIS2PLACEMENT3D(#902,$,$);
#904=IFCEXTRUDEDAREASOLID(#901,#903,#21,0.600);
#905=IFCCARTESIANPOINT((166.975,-47.950,1.100));
#906=IFCAXIS2PLACEMENT3D(#905,$,$);
#907=IFCLOCALPLACEMENT(#14,#906);
#908=IFCSHAPEREPRESENTATION(#6,'Body','SweptSolid',(#904));
#909=IFCPRODUCTDEFINITIONSHAPE($,$,(#908));
#910=IFCBUILDINGELEMENTPROXY('0SjALlNlSGqqlkIXEe2VAs',$,'Instrument A20-INS-0032',$,$,#907,#909,'A20-INS-0032',$);
#911=IFCRECTANGLEPROFILEDEF(.AREA.,$,$,0.400,0.400);
#912=IFCCARTESIANPOINT((0.000,0.000,0.000));
#913=IFCAXIS2PLACEMENT3D(#912,$,$);
#914=IFCEXTRUDEDAREASOLID(#911,#913,#21,0.600);
#915=IFCCARTESIANPOINT((169.450,-51.450,1.100));
#916=IFCAXIS2PLACEMENT3D(#915,$,$);
#917=IFCLOCALPLACEMENT(#14,#916);
#918=IFCSHAPEREPRESENTATION(#6,'Body','SweptSolid',(#914));
#919=IFCPRODUCTDEFINITIONSHAPE($,$,(#918));
#920=IFCBUILDINGELEMENTPROXY('2Jx4726NrATVvwGlZMWvjX',$,'Instrument A20-INS-0033',$,$,#917,#919,'A20-INS-0033',$);
#921=IFCRECTANGLEPROFILEDEF(.AREA.,$,$,0.400,0.400);
#922=IFCCARTESIANPOINT((0.000,0.000,0.000));
#923=IFCAXIS2PLACEMENT3D(#922,$,$);
#924=IFCEXTRUDEDAREASOLID(#921,#923,#21,0.600);
#925=IFCCARTESIANPOINT((174.800,-50.925,1.100));
#926=IFCAXIS2PLACEMENT3D(#925,$,$);
#927=IFCLOCALPLACEMENT(#14,#926);
#928=IFCSHAPEREPRESENTATION(#6,'Body','SweptSolid',(#924));
#929=IFCPRODUCTDEFINITIONSHAPE($,$,(#928));
#930=IFCBUILDINGELEMENTPROXY('2iAaQhFw_$R8tKn4sk0_3z',$,'Instrument A20-INS-0034',$,$,#927,#929,'A20-INS-0034',$);
#931=IFCRECTANGLEPROFILEDEF(.AREA.,$,$,0.400,0.400);
#932=IFCCARTESIANPOINT((0.000,0.000,0.000));
#933=IFCAXIS2PLACEMENT3D(#932,$,$);
#934=IFCEXTRUDEDAREASOLID(#931,#933,#21,0.600);
#935=IFCCARTESIANPOINT((158.500,-36.825,1.100));
#936=IFCAXIS2PLACEMENT3D(#935,$,$);
#937=IFCLOCALPLACEMENT(#14,#936);
#938=IFCSHAPEREPRESENTATION(#6,'Body','SweptSolid',(#934));
#939=IFCPRODUCTDEFINITIONSHAPE($,$,(#938));
#940=IFCBUILDINGELEMENTPROXY('0xhuOCvGH2bd8X$2pGmLmJ',$,'Instrument A20-INS-0035',$,$,#937,#939,'A20-INS-0035',$);
#941=IFCRECTANGLEPROFILEDEF(.AREA.,$,$,0.400,0.400);
#942=IFCCARTESIANPOINT((0.000,0.000,0.000));
#943=IFCAXIS2PLACEMENT3D(#942,$,$);
#944=IFCEXTRUDEDAREASOLID(#941,#943,#21,0.600);
#945=IFCCARTESIANPOINT((157.600,-41.600,1.100));
#946=IFCAXIS2PLACEMENT3D(#945,$,$);
#947=IFCLOCALPLACEMENT(#14,#946);
#948=IFCSHAPEREPRESENTATION(#6,'Body','SweptSolid',(#944));
#949=IFCPRODUCTDEFINITIONSHAPE($,$,(#948));
#950=IFCBUILDINGELEMENTPROXY('28lVNAldvwss2mmYDH1IkI',$,'Instrument A20-INS-0036',$,$,#947,#949,'A20-INS-0036',$);
#951=IFCRECTANGLEPROFILEDEF(.AREA.,$,$,0.400,0.400);
#952=IFCCARTESIANPOINT((0.000,0.000,0.000));
#953=IFCAXIS2PLACEMENT3D(#952,$,$);
#954=IFCEXTRUDEDAREASOLID(#951,#953,#21,0.600);
#955=IFCCARTESIANPOINT((163.675,-36.700,1.100));
#956=IFCAXIS2PLACEMENT3D(#955,$,$);
#957=IFCLOCALPLACEMENT(#14,#956);
#958=IFCSHAPEREPRESENTATION(#6,'Body','SweptSolid',(#954));
#959=IFCPRODUCTDEFINITIONSHAPE($,$,(#958));
#960=IFCBUILDINGELEMENTPROXY('1Fob4XzbSG5HkPMPesyPxi',$,'Instrument A20-INS-0037',$,$,#957,#959,'A20-INS-0037',$);
#961=IFCRECTANGLEPROFILEDEF(.AREA.,$,$,0.400,0.400);
#962=IFCCARTESIANPOINT((0.000,0.000,0.000));
#963=IFCAXIS2PLACEMENT3D(#962,$,$);
#964=IFCEXTRUDEDAREASOLID(#961,#963,#21,0.600);
#965=IFCCARTESIANPOINT((164.025,-34.800,1.100));
#966=IFCAXIS2PLACEMENT3D(#965,$,$);
#967=IFCLOCALPLACEMENT(#14,#966);
#968=IFCSHAPEREPRESENTATION(#6,'Body','SweptSolid',(#964));
#969=IFCPRODUCTDEFINITIONSHAPE($,$,(#968));
#970=IFCBUILDINGELEMENTPROXY('33rg65yhrLIvwdbB7sz6qj',$,'Instrument A20-INS-0038',$,$,#967,#969,'A20-INS-0038',$);
#971=IFCRECTANGLEPROFILEDEF(.AREA.,$,$,0.400,0.400);
#972=IFCCARTESIANPOINT((0.000,0.000,0.000));
#973=IFCAXIS2PLACEMENT3D(#972,$,$);
#974=IFCEXTRUDEDAREASOLID(#971,#973,#21,0.600);
#975=IFCCARTESIANPOINT((159.800,-34.875,1.100));
#976=IFCAXIS2PLACEMENT3D(#975,$,$);
#977=IFCLOCALPLACEMENT(#14,#976);
#978=IFCSHAPEREPRESENTATION(#6,'Body','SweptSolid',(#974));
#979=IFCPRODUCTDEFINITIONSHAPE($,$,(#978));
#980=IFCBUILDINGELEMENTPROXY('0w0xZ2Aj4ZD7j_5m72pPLl',$,'Instrument A20-INS-0039',$,$,#977,#979,'A20-INS-0039',$);
#981=IFCRECTANGLEPROFILEDEF(.AREA.,$,$,0.400,0.400);
#982=IFCCARTESIANPOINT((0.000,0.000,0.000));
#983=IFCAXIS2PLACEMENT3D(#982,$,$);
#984=IFCEXTRUDEDAREASOLID(#981,#983,#21,0.600);
#985=IFCCARTESIANPOINT((155.275,-36.750,1.100));
#986=IFCAXIS2PLACEMENT3D(#985,$,$);
#987=IFCLOCALPLACEMENT(#14,#986);
#988=IFCSHAPEREPRESENTATION(#6,'Body','SweptSolid',(#984));
#989=IFCPRODUCTDEFINITIONSHAPE($,$,(#988));
#990=IFCBUILDINGELEMENTPROXY('2XTemy7RWxNTFUFM7QR4y2',$,'Instrument A20-INS-0040',$,$,#987,#989,'A20-INS-0040',$);
#991=IFCRECTANGLEPROFILEDEF(.AREA.,$,$,0.400,0.400);
#992=IFCCARTESIANPOINT((0.000,0.000,0.000));
#993=IFCAXIS2PLACEMENT3D(#992,$,$);
#994=IFCEXTRUDEDAREASOLID(#991,#993,#21,0.600);
#995=IFCCARTESIANPOINT((161.125,-38.775,1.100));
#996=IFCAXIS2PLACEMENT3D(#995,$,$);
#997=IFCLOCALPLACEMENT(#14,#996);
#998=IFCSHAPEREPRESENTATION(#6,'Body','SweptSolid',(#994));
#999=IFCPRODUCTDEFINITIONSHAPE($,$,(#998));
#1000=IFCBUILDINGELEMENTPROXY('2GU2P0Vy9CZTcnKq$61nuB',$,'Instrument A20-INS-0041',$,$,#997,#999,'A20-INS-0041',$);
#1001=IFCRECTANGLEPROFILEDEF(.AREA.,$,$,0.400,0.400);
#1002=IFCCARTESIANPOINT((0.000,0.000,0.000));
#1003=IFCAXIS2PLACEMENT3D(#1002,$,$);
#1004=IFCEXTRUDEDAREASOLID(#1001,#1003,#21,0.600);
#1005=IFCCARTESIANPOINT((153.975,-33.400,1.100));
#1006=IFCAXIS2PLACEMENT3D(#1005,$,$);
#1007=IFCLOCALPLACEMENT(#14,#1006);
#1008=IFCSHAPEREPRESENTATION(#6,'Body','SweptSolid',(#1004));
#1009=IFCPRODUCTDEFINITIONSHAPE($,$,(#1008));
#1010=IFCBUILDINGELEMENTPROXY('1iKGX3ECqNt1vqmAnCKTzZ',$,'Instrument A20-INS-0042',$,$,#1007,#1009,'A20-INS-0042',$);
#1011=IFCRECTANGLEPROFILEDEF(.AREA.,$,$,0.400,0.400);
#1012=IFCCARTESIANPOINT((0.000,0.000,0.000));
#1013=IFCAXIS2PLACEMENT3D(#1012,$,$);
#1014=IFCEXTRUDEDAREASOLID(#1011,#1013,#21,0.600);
#1015=IFCCARTESIANPOINT((157.550,-36.700,1.100));
#1016=IFCAXIS2PLACEMENT3D(#1015,$,$);
#1017=IFCLOCALPLACEMENT(#14,#1016);
#1018=IFCSHAPEREPRESENTATION(#6,'Body','SweptSolid',(#1014));
#1019=IFCPRODUCTDEFINITIONSHAPE($,$,(#1018));
#1020=IFCBUILDINGELEMENTPROXY('0OnGAwvcXXX2pc02pAvC2r',$,'Instrument A20-INS-0043',$,$,#1017,#1019,'A20-INS-0043',$);
#1021=IFCCIRCLEPROFILEDEF(.AREA.,$,$,0.330);
#1022=IFCCARTESIANPOINT((0.000,0.000,0.000));
#1023=IFCAXIS2PLACEMENT3D(#1022,#422,#421);
#1024=IFCEXTRUDEDAREASOLID(#1021,#1023,#21,4.000);
#1025=IFCCARTESIANPOINT((124.375,-24.800,7.600));
#1026=IFCAXIS2PLACEMENT3D(#1025,$,$);
#1027=IFCLOCALPLACEMENT(#14,#1026);
#1028=IFCSHAPEREPRESENTATION(#6,'Body','SweptSolid',(#1024));
#1029=IFCPRODUCTDEFINITIONSHAPE($,$,(#1028));
#1030=IFCBUILDINGELEMENTPROXY('3CD$sKv_L0sAnFT$3OTR2p',$,'Insulation A20-INSU-0001',$,$,#1027,#1029,'A20-INSU-0001',$);
#1031=IFCCIRCLEPROFILEDEF(.AREA.,$,$,0.330);
#1032=IFCCARTESIANPOINT((0.000,0.000,0.000));
#1033=IFCAXIS2PLACEMENT3D(#1032,#422,#421);
#1034=IFCEXTRUDEDAREASOLID(#1031,#1033,#21,4.000);
#1035=IFCCARTESIANPOINT((122.050,-20.300,7.600));
#1036=IFCAXIS2PLACEMENT3D(#1035,$,$);
#1037=IFCLOCALPLACEMENT(#14,#1036);
#1038=IFCSHAPEREPRESENTATION(#6,'Body','SweptSolid',(#1034));
#1039=IFCPRODUCTDEFINITIONSHAPE($,$,(#1038));
#1040=IFCBUILDINGELEMENTPROXY('3sCE45eIgQ4OOznnByaKic',$,'Insulation A20-INSU-0002',$,$,#1037,#1039,'A20-INSU-0002',$);
#1041=IFCCIRCLEPROFILEDEF(.AREA.,$,$,0.330);
#1042=IFCCARTESIANPOINT((0.000,0.000,0.000));
#1043=IFCAXIS2PLACEMENT3D(#1042,#422,#421);
#1044=IFCEXTRUDEDAREASOLID(#1041,#1043,#21,4.000);
#1045=IFCCARTESIANPOINT((121.650,-28.275,7.600));
#1046=IFCAXIS2PLACEMENT3D(#1045,$,$);
#1047=IFCLOCALPLACEMENT(#14,#1046);
#1048=IFCSHAPEREPRESENTATION(#6,'Body','SweptSolid',(#1044));
#1049=IFCPRODUCTDEFINITIONSHAPE($,$,(#1048));
#1050=IFCBUILDINGELEMENTPROXY('26ggbaDiz6Gn5vsGrN6$TK',$,'Insulation A20-INSU-0003',$,$,#1047,#1049,'A20-INSU-0003',$);
#1051=IFCCIRCLEPROFILEDEF(.AREA.,$,$,0.330);
#1052=IFCCARTESIANPOINT((0.000,0.000,0.000));
#1053=IFCAXIS2PLACEMENT3D(#1052,#422,#421);
#1054=IFCEXTRUDEDAREASOLID(#1051,#1053,#21,4.000);
#1055=IFCCARTESIANPOINT((125.800,-22.200,7.600));
#1056=IFCAXIS2PLACEMENT3D(#1055,$,$);
#1057=IFCLOCALPLACEMENT(#14,#1056);
#1058=IFCSHAPEREPRESENTATION(#6,'Body','SweptSolid',(#1054));
#1059=IFCPRODUCTDEFINITIONSHAPE($,$,(#1058));
#1060=IFCBUILDINGELEMENTPROXY('1jrl_AzWKHG60vqZl59DSK',$,'Insulation A20-INSU-0004',$,$,#1057,#1059,'A20-INSU-0004',$);
#1061=IFCCIRCLEPROFILEDEF(.AREA.,$,$,0.330);
#1062=IFCCARTESIANPOINT((0.000,0.000,0.000));
#1063=IFCAXIS2PLACEMENT3D(#1062,#422,#421);
#1064=IFCEXTRUDEDAREASOLID(#1061,#1063,#21,4.000);
#1065=IFCCARTESIANPOINT((124.375,-27.775,7.600));
#1066=IFCAXIS2PLACEMENT3D(#1065,$,$);
#1067=IFCLOCALPLACEMENT(#14,#1066);
#1068=IFCSHAPEREPRESENTATION(#6,'Body','SweptSolid',(#1064));
#1069=IFCPRODUCTDEFINITIONSHAPE($,$,(#1068));
#1070=IFCBUILDINGELEMENTPROXY('0WV3BT7V8e4F9BkCHRiRMB',$,'Insulation A20-INSU-0005',$,$,#1067,#1069,'A20-INSU-0005',$);
#1071=IFCCIRCLEPROFILEDEF(.AREA.,$,$,0.330);
#1072=IFCCARTESIANPOINT((0.000,0.000,0.000));
#1073=IFCAXIS2PLACEMENT3D(#1072,#422,#421);
#1074=IFCEXTRUDEDAREASOLID(#1071,#1073,#21,4.000);
#1075=IFCCARTESIANPOINT((128.625,-28.200,7.600));
#1076=IFCAXIS2PLACEMENT3D(#1075,$,$);
#1077=IFCLOCALPLACEMENT(#14,#1076);
#1078=IFCSHAPEREPRESENTATION(#6,'Body','SweptSolid',(#1074));
#1079=IFCPRODUCTDEFINITIONSHAPE($,$,(#1078));
#1080=IFCBUILDINGELEMENTPROXY('0UQA18BhkrKD7zYjWAEUpU',$,'Insulation A20-INSU-0006',$,$,#1077,#1079,'A20-INSU-0006',$);
#1081=IFCCIRCLEPROFILEDEF(.AREA.,$,$,0.330);
#1082=IFCCARTESIANPOINT((0.000,0.000,0.000));
#1083=IFCAXIS2PLACEMENT3D(#1082,#422,#421);
#1084=IFCEXTRUDEDAREASOLID(#1081,#1083,#21,4.000);
#1085=IFCCARTESIANPOINT((119.100,-27.300,7.600));
#1086=IFCAXIS2PLACEMENT3D(#1085,$,$);
#1087=IFCLOCALPLACEMENT(#14,#1086);
#1088=IFCSHAPEREPRESENTATION(#6,'Body','SweptSolid',(#1084));
#1089=IFCPRODUCTDEFINITIONSHAPE($,$,(#1088));
#1090=IFCBUILDINGELEMENTPROXY('16uGTae6pkS0HFd2w33OWZ',$,'Insulation A20-INSU-0007',$,$,#1087,#1089,'A20-INSU-0007',$);
#1091=IFCCIRCLEPROFILEDEF(.AREA.,$,$,0.330);
#1092=IFCCARTESIANPOINT((0.000,0.000,0.000));
#1093=IFCAXIS2PLACEMENT3D(#1092,#422,#421);
#1094=IFCEXTRUDEDAREASOLID(#1091,#1093,#21,4.000);
#1095=IFCCARTESIANPOINT((118.850,-22.575,7.600));
#1096=IFCAXIS2PLACEMENT3D(#1095,$,$);
#1097=IFCLOCALPLACEMENT(#14,#1096);
#1098=IFCSHAPEREPRESENTATION(#6,'Body','SweptSolid',(#1094));
#1099=IFCPRODUCTDEFINITIONSHAPE($,$,(#1098));
#1100=IFCBUILDINGELEMENTPROXY('2$LAGL1M84N9ekOBLl2r8W',$,'Insulation A20-INSU-0008',$,$,#1097,#1099,'A20-INSU-0008',$);
#1101=IFCCIRCLEPROFILEDEF(.AREA.,$,$,0.330);
#1102=IFCCARTESIANPOINT((0.000,0.000,0.000));
#1103=IFCAXIS2PLACEMENT3D(#1102,#422,#421);
#1104=IFCEXTRUDEDAREASOLID(#1101,#1103,#21,4.000);
#1105=IFCCARTESIANPOINT((177.725,-40.250,7.600));
#1106=IFCAXIS2PLACEMENT3D(#1105,$,$);
#1107=IFCLOCALPLACEMENT(#14,#1106);
#1108=IFCSHAPEREPRESENTATION(#6,'Body','SweptSolid',(#1104));
#1109=IFCPRODUCTDEFINITIONSHAPE($,$,(#1108));
#1110=IFCBUILDINGELEMENTPROXY('2_cIdafee4OkS_m$vSgd8U',$,'Insulation A20-INSU-0009',$,$,#1107,#1109,'A20-INSU-0009',$);
#1111=IFCCIRCLEPROFILEDEF(.AREA.,$,$,0.330);
#1112=IFCCARTESIANPOINT((0.000,0.000,0.000));
#1113=IFCAXIS2PLACEMENT3D(#1112,#422,#421);
#1114=IFCEXTRUDEDAREASOLID(#1111,#1113,#21,4.000);
#1115=IFCCARTESIANPOINT((172.775,-37.750,7.600));
#1116=IFCAXIS2PLACEMENT3D(#1115,$,$);
#1117=IFCLOCALPLACEMENT(#14,#1116);
#1118=IFCSHAPEREPRESENTATION(#6,'Body','SweptSolid',(#1114));
#1119=IFCPRODUCTDEFINITIONSHAPE($,$,(#1118));
#1120=IFCBUILDINGELEMENTPROXY('1ZjaCUgiqvgLpbeTDEJPbf',$,'Insulation A20-INSU-0010',$,$,#1117,#1119,'A20-INSU-0010',$);
#1121=IFCCIRCLEPROFILEDEF(.AREA.,$,$,0.330);
#1122=IFCCARTESIANPOINT((0.000,0.000,0.000));
#1123=IFCAXIS2PLACEMENT3D(#1122,#422,#421);
#1124=IFCEXTRUDEDAREASOLID(#1121,#1123,#21,4.000);
#1125=IFCCARTESIANPOINT((181.700,-41.525,7.600));
#1126=IFCAXIS2PLACEMENT3D(#1125,$,$);
#1127=IFCLOCALPLACEMENT(#14,#1126);
#1128=IFCSHAPEREPRESENTATION(#6,'Body','SweptSolid',(#1124));
#1129=IFCPRODUCTDEFINITIONSHAPE($,$,(#1128));
#1130=IFCBUILDINGELEMENTPROXY('1elW54OLoL3nlt2D_Igu6f',$,'Insulation A20-INSU-0011',$,$,#1127,#1129,'A20-INSU-0011',$);
#1131=IFCCIRCLEPROFILEDEF(.AREA.,$,$,0.330);
#1132=IFCCARTESIANPOINT((0.000,0.000,0.000));
#1133=IFCAXIS2PLACEMENT3D(#1132,#422,#421);
#1134=IFCEXTRUDEDAREASOLID(#1131,#1133,#21,4.000);
#1135=IFCCARTESIANPOINT((182.825,-42.450,7.600));
#1136=IFCAXIS2PLACEMENT3D(#1135,$,$);
#1137=IFCLOCALPLACEMENT(#14,#1136);
#1138=IFCSHAPEREPRESENTATION(#6,'Body','SweptSolid',(#1134));
#1139=IFCPRODUCTDEFINITIONSHAPE($,$,(#1138));
#1140=IFCBUILDINGELEMENTPROXY('2twOIkELtKXi9IFCGQJEjG',$,'Insulation A20-INSU-0012',$,$,#1137,#1139,'A20-INSU-0012',$);
#1141=IFCCIRCLEPROFILEDEF(.AREA.,$,$,0.330);
#1142=IFCCARTESIANPOINT((0.000,0.000,0.000));
#1143=IFCAXIS2PLACEMENT3D(#1142,#422,#421);
#1144=IFCEXTRUDEDAREASOLID(#1141,#1143,#21,4.000);
#1145=IFCCARTESIANPOINT((183.575,-44.550,7.600));
#1146=IFCAXIS2PLACEMENT3D(#1145,$,$);
#1147=IFCLOCALPLACEMENT(#14,#1146);
#1148=IFCSHAPEREPRESENTATION(#6,'Body','SweptSolid',(#1144));
#1149=IFCPRODUCTDEFINITIONSHAPE($,$,(#1148));
#1150=IFCBUILDINGELEMENTPROXY('2jIRDGghkF8KjdhU4oUyb5',$,'Insulation A20-INSU-0013',$,$,#1147,#1149,'A20-INSU-0013',$);
#1151=IFCCIRCLEPROFILEDEF(.AREA.,$,$,0.330);
#1152=IFCCARTESIANPOINT((0.000,0.000,0.000));
#1153=IFCAXIS2PLACEMENT3D(#1152,#422,#421);
#1154=IFCEXTRUDEDAREASOLID(#1151,#1153,#21,4.000);
#1155=IFCCARTESIANPOINT((183.875,-40.700,7.600));
#1156=IFCAXIS2PLACEMENT3D(#1155,$,$);
#1157=IFCLOCALPLACEMENT(#14,#1156);
#1158=IFCSHAPEREPRESENTATION(#6,'Body','SweptSolid',(#1154));
#1159=IFCPRODUCTDEFINITIONSHAPE($,$,(#1158));
#1160=IFCBUILDINGELEMENTPROXY('0s6g7Tof2VVg5iqTy_xZlp',$,'Insulation A20-INSU-0014',$,$,#1157,#1159,'A20-INSU-0014',$);
#1161=IFCCIRCLEPROFILEDEF(.AREA.,$,$,0.330);
#1162=IFCCARTESIANPOINT((0.000,0.000,0.000));
#1163=IFCAXIS2PLACEMENT3D(#1162,#422,#421);
#1164=IFCEXTRUDEDAREASOLID(#1161,#1163,#21,4.000);
#1165=IFCCARTESIANPOINT((180.225,-43.900,7.600));
#1166=IFCAXIS2PLACEMENT3D(#1165,$,$);
#1167=IFCLOCALPLACEMENT(#14,#1166);
#1168=IFCSHAPEREPRESENTATION(#6,'Body','SweptSolid',(#1164));
#1169=IFCPRODUCTDEFINITIONSHAPE($,$,(#1168));
#1170=IFCBUILDINGELEMENTPROXY('30dL435xGUSUgsHWLu8D8v',$,'Insulation A20-INSU-0015',$,$,#1167,#1169,'A20-INSU-0015',$);
#1171=IFCCIRCLEPROFILEDEF(.AREA.,$,$,0.330);
#1172=IFCCARTESIANPOINT((0.000,0.000,0.000));
#1173=IFCAXIS2PLACEMENT3D(#1172,#422,#421);
#1174=IFCEXTRUDEDAREASOLID(#1171,#1173,#21,4.000);
#1175=IFCCARTESIANPOINT((174.400,-34.825,7.600));
#1176=IFCAXIS2PLACEMENT3D(#1175,$,$);
#1177=IFCLOCALPLACEMENT(#14,#1176);
#1178=IFCSHAPEREPRESENTATION(#6,'Body','SweptSolid',(#1174));
#1179=IFCPRODUCTDEFINITIONSHAPE($,$,(#1178));
#1180=IFCBUILDINGELEMENTPROXY('3fTZ$vyQHK72RCiyVSr4qJ',$,'Insulation A20-INSU-0016',$,$,#1177,#1179,'A20-INSU-0016',$);
#1181=IFCCIRCLEPROFILEDEF(.AREA.,$,$,0.330);
#1182=IFCCARTESIANPOINT((0.000,0.000,0.000));
#1183=IFCAXIS2PLACEMENT3D(#1182,#422,#421);
#1184=IFCEXTRUDEDAREASOLID(#1181,#1183,#21,4.000);
#1185=IFCCARTESIANPOINT((175.150,-38.900,7.600));
#1186=IFCAXIS2PLACEMENT3D(#1185,$,$);
#1187=IFCLOCALPLACEMENT(#14,#1186);
#1188=IFCSHAPEREPRESENTATION(#6,'Body','SweptSolid',(#1184));
#1189=IFCPRODUCTDEFINITIONSHAPE($,$,(#1188));
#1190=IFCBUILDINGELEMENTPROXY('1XvVa7dghVdoES_Ewky_Fk',$,'Insulation A20-INSU-0017',$,$,#1187,#1189,'A20-INSU-0017',$);
#1191=IFCCIRCLEPROFILEDEF(.AREA.,$,$,0.330);
#1192=IFCCARTESIANPOINT((0.000,0.000,0.000));
#1193=IFCAXIS2PLACEMENT3D(#1192,#422,#421);
#1194=IFCEXTRUDEDAREASOLID(#1191,#1193,#21,4.000);
#1195=IFCCARTESIANPOINT((174.175,-56.100,7.600));
#1196=IFCAXIS2PLACEMENT3D(#1195,$,$);
#1197=IFCLOCALPLACEMENT(#14,#1196);
#1198=IFCSHAPEREPRESENTATION(#6,'Body','SweptSolid',(#1194));
#1199=IFCPRODUCTDEFINITIONSHAPE($,$,(#1198));
#1200=IFCBUILDINGELEMENTPROXY('0llOBIPFkZz_bTvpyKTz64',$,'Insulation A20-INSU-0018',$,$,#1197,#1199,'A20-INSU-0018',$);
#1201=IFCCIRCLEPROFILEDEF(.AREA.,$,$,0.330);
#1202=IFCCARTESIANPOINT((0.000,0.000,0.000));
#1203=IFCAXIS2PLACEMENT3D(#1202,#422,#421);
#1204=IFCEXTRUDEDAREASOLID(#1201,#1203,#21,4.000);
#1205=IFCCARTESIANPOINT((169.800,-55.025,7.600));
#1206=IFCAXIS2PLACEMENT3D(#1205,$,$);
#1207=IFCLOCALPLACEMENT(#14,#1206);
#1208=IFCSHAPEREPRESENTATION(#6,'Body','SweptSolid',(#1204));
#1209=IFCPRODUCTDEFINITIONSHAPE($,$,(#1208));
#1210=IFCBUILDINGELEMENTPROXY('1P_JuavFrIBO5SS4PnSWp2',$,'Insulation A20-INSU-0019',$,$,#1207,#1209,'A20-INSU-0019',$);
#1211=IFCCIRCLEPROFILEDEF(.AREA.,$,$,0.330);
#1212=IFCCARTESIANPOINT((0.000,0.000,0.000));
#1213=IFCAXIS2PLACEMENT3D(#1212,#422,#421);
#1214=IFCEXTRUDEDAREASOLID(#1211,#1213,#21,4.000);
#1215=IFCCARTESIANPOINT((175.225,-58.725,7.600));
#1216=IFCAXIS2PLACEMENT3D(#1215,$,$);
#1217=IFCLOCALPLACEMENT(#14,#1216);
#1218=IFCSHAPEREPRESENTATION(#6,'Body','SweptSolid',(#1214));
#1219=IFCPRODUCTDEFINITIONSHAPE($,$,(#1218));
#1220=IFCBUILDINGELEMENTPROXY('1hKyQI5X6b51WtDg4ALWur',$,'Insulation A20-INSU-0020',$,$,#1217,#1219,'A20-INSU-0020',$);
#1221=IFCCIRCLEPROFILEDEF(.AREA.,$,$,0.330);
#1222=IFCCARTESIANPOINT((0.000,0.000,0.000));
#1223=IFCAXIS2PLACEMENT3D(#1222,#422,#421);
#1224=IFCEXTRUDEDAREASOLID(#1221,#1223,#21,4.000);
#1225=IFCCARTESIANPOINT((167.550,-51.050,7.600));
#1226=IFCAXIS2PLACEMENT3D(#1225,$,$);
#1227=IFCLOCALPLACEMENT(#14,#1226);
#1228=IFCSHAPEREPRESENTATION(#6,'Body','SweptSolid',(#1224));
#1229=IFCPRODUCTDEFINITIONSHAPE($,$,(#1228));
#1230=IFCBUILDINGELEMENTPROXY('0i$4QOKni5Z$RbGfGorwEH',$,'Insulation A20-INSU-0021',$,$,#1227,#1229,'A20-INSU-0021',$);
#1231=IFCCIRCLEPROFILEDEF(.AREA.,$,$,0.330);
#1232=IFCCARTESIANPOINT((0.000,0.000,0.000));
#1233=IFCAXIS2PLACEMENT3D(#1232,#422,#421);
#1234=IFCEXTRUDEDAREASOLID(#1231,#1233,#21,4.000);
#1235=IFCCARTESIANPOINT((175.125,-51.400,7.600));
#1236=IFCAXIS2PLACEMENT3D(#1235,$,$);
#1237=IFCLOCALPLACEMENT(#14,#1236);
#1238=IFCSHAPEREPRESENTATION(#6,'Body','SweptSolid',(#1234));
#1239=IFCPRODUCTDEFINITIONSHAPE($,$,(#1238));
#1240=IFCBUILDINGELEMENTPROXY('3Bgs9WoFCwHTy2PSGt7iMu',$,'Insulation A20-INSU-0022',$,$,#1237,#1239,'A20-INSU-0022',$);
#1241=IFCCIRCLEPROFILEDEF(.AREA.,$,$,0.330);
#1242=IFCCARTESIANPOINT((0.000,0.000,0.000));
#1243=IFCAXIS2PLACEMENT3D(#1242,#422,#421);
#1244=IFCEXTRUDEDAREASOLID(#1241,#1243,#21,4.000);
#1245=IFCCARTESIANPOINT((169.225,-53.650,7.600));
#1246=IFCAXIS2PLACEMENT3D(#1245,$,$);
#1247=IFCLOCALPLACEMENT(#14,#1246);
#1248=IFCSHAPEREPRESENTATION(#6,'Body','SweptSolid',(#1244));
#1249=IFCPRODUCTDEFINITIONSHAPE($,$,(#1248));
#1250=IFCBUILDINGELEMENTPROXY('0$sjK$1wvxN7mNA7vAkJyE',$,'Insulation A20-INSU-0023',$,$,#1247,#1249,'A20-INSU-0023',$);
#1251=IFCCIRCLEPROFILEDEF(.AREA.,$,$,0.330);
#1252=IFCCARTESIANPOINT((0.000,0.000,0.000));
#1253=IFCAXIS2PLACEMENT3D(#1252,#422,#421);
#1254=IFCEXTRUDEDAREASOLID(#1251,#1253,#21,4.000);
#1255=IFCCARTESIANPOINT((180.775,-59.475,7.600));
#1256=IFCAXIS2PLACEMENT3D(#1255,$,$);
#1257=IFCLOCALPLACEMENT(#14,#1256);
#1258=IFCSHAPEREPRESENTATION(#6,'Body','SweptSolid',(#1254));
#1259=IFCPRODUCTDEFINITIONSHAPE($,$,(#1258));
#1260=IFCBUILDINGELEMENTPROXY('1QEItsLlmOhIALiOOKx7Z6',$,'Insulation A20-INSU-0024',$,$,#1257,#1259,'A20-INSU-0024',$);
#1261=IFCRECTANGLEPROFILEDEF(.AREA.,$,$,2.200,0.080);
#1262=IFCCARTESIANPOINT((0.000,0.000,0.000));
#1263=IFCAXIS2PLACEMENT3D(#1262,$,$);
#1264=IFCEXTRUDEDAREASOLID(#1261,#1263,#21,2.200);
#1265=IFCCARTESIANPOINT((145.250,-78.025,1.900));
#1266=IFCAXIS2PLACEMENT3D(#1265,$,$);
#1267=IFCLOCALPLACEMENT(#14,#1266);
#1268=IFCSHAPEREPRESENTATION(#6,'Body','SweptSolid',(#1264));
#1269=IFCPRODUCTDEFINITIONSHAPE($,$,(#1268));
#1270=IFCBUILDINGELEMENTPROXY('0OTamsiswwwmf$EtXb9Vs5',$,'Paint area A20-PNT-0001',$,$,#1267,#1269,'A20-PNT-0001',$);
#1271=IFCRECTANGLEPROFILEDEF(.AREA.,$,$,2.200,0.080);
#1272=IFCCARTESIANPOINT((0.000,0.000,0.000));
#1273=IFCAXIS2PLACEMENT3D(#1272,$,$);
#1274=IFCEXTRUDEDAREASOLID(#1271,#1273,#21,2.200);
#1275=IFCCARTESIANPOINT((149.550,-78.275,1.900));
#1276=IFCAXIS2PLACEMENT3D(#1275,$,$);
#1277=IFCLOCALPLACEMENT(#14,#1276);
#1278=IFCSHAPEREPRESENTATION(#6,'Body','SweptSolid',(#1274));
#1279=IFCPRODUCTDEFINITIONSHAPE($,$,(#1278));
#1280=IFCBUILDINGELEMENTPROXY('0RQ3vsuE6Pitx6noCIVmvv',$,'Paint area A20-PNT-0002',$,$,#1277,#1279,'A20-PNT-0002',$);
#1281=IFCRECTANGLEPROFILEDEF(.AREA.,$,$,2.200,0.080);
#1282=IFCCARTESIANPOINT((0.000,0.000,0.000));
#1283=IFCAXIS2PLACEMENT3D(#1282,$,$);
#1284=IFCEXTRUDEDAREASOLID(#1281,#1283,#21,2.200);
#1285=IFCCARTESIANPOINT((142.250,-76.975,1.900));
#1286=IFCAXIS2PLACEMENT3D(#1285,$,$);
#1287=IFCLOCALPLACEMENT(#14,#1286);
#1288=IFCSHAPEREPRESENTATION(#6,'Body','SweptSolid',(#1284));
#1289=IFCPRODUCTDEFINITIONSHAPE($,$,(#1288));
#1290=IFCBUILDINGELEMENTPROXY('018_dLoNjGGSiGq9ZOUB38',$,'Paint area A20-PNT-0003',$,$,#1287,#1289,'A20-PNT-0003',$);
#1291=IFCRECTANGLEPROFILEDEF(.AREA.,$,$,2.200,0.080);
#1292=IFCCARTESIANPOINT((0.000,0.000,0.000));
#1293=IFCAXIS2PLACEMENT3D(#1292,$,$);
#1294=IFCEXTRUDEDAREASOLID(#1291,#1293,#21,2.200);
#1295=IFCCARTESIANPOINT((146.550,-80.850,1.900));
#1296=IFCAXIS2PLACEMENT3D(#1295,$,$);
#1297=IFCLOCALPLACEMENT(#14,#1296);
#1298=IFCSHAPEREPRESENTATION(#6,'Body','SweptSolid',(#1294));
#1299=IFCPRODUCTDEFINITIONSHAPE($,$,(#1298));
#1300=IFCBUILDINGELEMENTPROXY('1pyi1dhbL6ZDfSZHtiu58m',$,'Paint area A20-PNT-0004',$,$,#1297,#1299,'A20-PNT-0004',$);
#1301=IFCRECTANGLEPROFILEDEF(.AREA.,$,$,2.200,0.080);
#1302=IFCCARTESIANPOINT((0.000,0.000,0.000));
#1303=IFCAXIS2PLACEMENT3D(#1302,$,$);
#1304=IFCEXTRUDEDAREASOLID(#1301,#1303,#21,2.200);
#1305=IFCCARTESIANPOINT((145.475,-73.475,1.900));
#1306=IFCAXIS2PLACEMENT3D(#1305,$,$);
#1307=IFCLOCALPLACEMENT(#14,#1306);
#1308=IFCSHAPEREPRESENTATION(#6,'Body','SweptSolid',(#1304));
#1309=IFCPRODUCTDEFINITIONSHAPE($,$,(#1308));
#1310=IFCBUILDINGELEMENTPROXY('2_GCPmff$suqrc4f0RTrNV',$,'Paint area A20-PNT-0005',$,$,#1307,#1309,'A20-PNT-0005',$);
#1311=IFCRECTANGLEPROFILEDEF(.AREA.,$,$,2.200,0.080);
#1312=IFCCARTESIANPOINT((0.000,0.000,0.000));
#1313=IFCAXIS2PLACEMENT3D(#1312,$,$);
#1314=IFCEXTRUDEDAREASOLID(#1311,#1313,#21,2.200);
#1315=IFCCARTESIANPOINT((139.625,-78.275,1.900));
#1316=IFCAXIS2PLACEMENT3D(#1315,$,$);
#1317=IFCLOCALPLACEMENT(#14,#1316);
#1318=IFCSHAPEREPRESENTATION(#6,'Body','SweptSolid',(#1314));
#1319=IFCPRODUCTDEFINITIONSHAPE($,$,(#1318));
#1320=IFCBUILDINGELEMENTPROXY('1X9gAz$K6SaQ8$BphkCz_T',$,'Paint area A20-PNT-0006',$,$,#1317,#1319,'A20-PNT-0006',$);
#1321=IFCRECTANGLEPROFILEDEF(.AREA.,$,$,2.200,0.080);
#1322=IFCCARTESIANPOINT((0.000,0.000,0.000));
#1323=IFCAXIS2PLACEMENT3D(#1322,$,$);
#1324=IFCEXTRUDEDAREASOLID(#1321,#1323,#21,2.200);
#1325=IFCCARTESIANPOINT((143.900,-74.000,1.900));
#1326=IFCAXIS2PLACEMENT3D(#1325,$,$);
#1327=IFCLOCALPLACEMENT(#14,#1326);
#1328=IFCSHAPEREPRESENTATION(#6,'Body','SweptSolid',(#1324));
#1329=IFCPRODUCTDEFINITIONSHAPE($,$,(#1328));
#1330=IFCBUILDINGELEMENTPROXY('3Xr8Pbly62ERGVHVF4i_ft',$,'Paint area A20-PNT-0007',$,$,#1327,#1329,'A20-PNT-0007',$);
#1331=IFCRECTANGLEPROFILEDEF(.AREA.,$,$,2.200,0.080);
#1332=IFCCARTESIANPOINT((0.000,0.000,0.000));
#1333=IFCAXIS2PLACEMENT3D(#1332,$,$);
#1334=IFCEXTRUDEDAREASOLID(#1331,#1333,#21,2.200);
#1335=IFCCARTESIANPOINT((142.075,-77.150,1.900));
#1336=IFCAXIS2PLACEMENT3D(#1335,$,$);
#1337=IFCLOCALPLACEMENT(#14,#1336);
#1338=IFCSHAPEREPRESENTATION(#6,'Body','SweptSolid',(#1334));
#1339=IFCPRODUCTDEFINITIONSHAPE($,$,(#1338));
#1340=IFCBUILDINGELEMENTPROXY('30ttYhdvA5TwoT1qOpHOUm',$,'Paint area A20-PNT-0008',$,$,#1337,#1339,'A20-PNT-0008',$);
#1341=IFCRECTANGLEPROFILEDEF(.AREA.,$,$,2.200,0.080);
#1342=IFCCARTESIANPOINT((0.000,0.000,0.000));
#1343=IFCAXIS2PLACEMENT3D(#1342,$,$);
#1344=IFCEXTRUDEDAREASOLID(#1341,#1343,#21,2.200);
#1345=IFCCARTESIANPOINT((147.400,-81.650,1.900));
#1346=IFCAXIS2PLACEMENT3D(#1345,$,$);
#1347=IFCLOCALPLACEMENT(#14,#1346);
#1348=IFCSHAPEREPRESENTATION(#6,'Body','SweptSolid',(#1344));
#1349=IFCPRODUCTDEFINITIONSHAPE($,$,(#1348));
#1350=IFCBUILDINGELEMENTPROXY('3JeXqNepuzBFqn7hqL6O9q',$,'Paint area A20-PNT-0009',$,$,#1347,#1349,'A20-PNT-0009',$);
#1351=IFCRECTANGLEPROFILEDEF(.AREA.,$,$,2.200,0.080);
#1352=IFCCARTESIANPOINT((0.000,0.000,0.000));
#1353=IFCAXIS2PLACEMENT3D(#1352,$,$);
#1354=IFCEXTRUDEDAREASOLID(#1351,#1353,#21,2.200);
#1355=IFCCARTESIANPOINT((148.550,-77.575,1.900));
#1356=IFCAXIS2PLACEMENT3D(#1355,$,$);
#1357=IFCLOCALPLACEMENT(#14,#1356);
#1358=IFCSHAPEREPRESENTATION(#6,'Body','SweptSolid',(#1354));
#1359=IFCPRODUCTDEFINITIONSHAPE($,$,(#1358));
#1360=IFCBUILDINGELEMENTPROXY('21D3FWKWPoRqc9OCmKa5AU',$,'Paint area A20-PNT-0010',$,$,#1357,#1359,'A20-PNT-0010',$);
#1361=IFCRECTANGLEPROFILEDEF(.AREA.,$,$,2.200,0.080);
#1362=IFCCARTESIANPOINT((0.000,0.000,0.000));
#1363=IFCAXIS2PLACEMENT3D(#1362,$,$);
#1364=IFCEXTRUDEDAREASOLID(#1361,#1363,#21,2.200);
#1365=IFCCARTESIANPOINT((144.025,-77.475,1.900));
#1366=IFCAXIS2PLACEMENT3D(#1365,$,$);
#1367=IFCLOCALPLACEMENT(#14,#1366);
#1368=IFCSHAPEREPRESENTATION(#6,'Body','SweptSolid',(#1364));
#1369=IFCPRODUCTDEFINITIONSHAPE($,$,(#1368));
#1370=IFCBUILDINGELEMENTPROXY('2vROtxGLNIpHt2qlqCwfmA',$,'Paint area A20-PNT-0011',$,$,#1367,#1369,'A20-PNT-0011',$);
#1371=IFCRECTANGLEPROFILEDEF(.AREA.,$,$,2.200,0.080);
#1372=IFCCARTESIANPOINT((0.000,0.000,0.000));
#1373=IFCAXIS2PLACEMENT3D(#1372,$,$);
#1374=IFCEXTRUDEDAREASOLID(#1371,#1373,#21,2.200);
#1375=IFCCARTESIANPOINT((175.625,-32.900,1.900));
#1376=IFCAXIS2PLACEMENT3D(#1375,$,$);
#1377=IFCLOCALPLACEMENT(#14,#1376);
#1378=IFCSHAPEREPRESENTATION(#6,'Body','SweptSolid',(#1374));
#1379=IFCPRODUCTDEFINITIONSHAPE($,$,(#1378));
#1380=IFCBUILDINGELEMENTPROXY('2m7GVRyIC3mrRMfWMCI$EH',$,'Paint area A20-PNT-0012',$,$,#1377,#1379,'A20-PNT-0012',$);
#1381=IFCRECTANGLEPROFILEDEF(.AREA.,$,$,2.200,0.080);
#1382=IFCCARTESIANPOINT((0.000,0.000,0.000));
#1383=IFCAXIS2PLACEMENT3D(#1382,$,$);
#1384=IFCEXTRUDEDAREASOLID(#1381,#1383,#21,2.200);
#1385=IFCCARTESIANPOINT((171.800,-34.025,1.900));
#1386=IFCAXIS2PLACEMENT3D(#1385,$,$);
#1387=IFCLOCALPLACEMENT(#14,#1386);
#1388=IFCSHAPEREPRESENTATION(#6,'Body','SweptSolid',(#1384));
#1389=IFCPRODUCTDEFINITIONSHAPE($,$,(#1388));
#1390=IFCBUILDINGELEMENTPROXY('39M9Bnqmwv3oPWfnvk72mU',$,'Paint area A20-PNT-0013',$,$,#1387,#1389,'A20-PNT-0013',$);
#1391=IFCRECTANGLEPROFILEDEF(.AREA.,$,$,2.200,0.080);
#1392=IFCCARTESIANPOINT((0.000,0.000,0.000));
#1393=IFCAXIS2PLACEMENT3D(#1392,$,$);
#1394=IFCEXTRUDEDAREASOLID(#1391,#1393,#21,2.200);
#1395=IFCCARTESIANPOINT((170.850,-31.025,1.900));
#1396=IFCAXIS2PLACEMENT3D(#1395,$,$);
#1397=IFCLOCALPLACEMENT(#14,#1396);
#1398=IFCSHAPEREPRESENTATION(#6,'Body','SweptSolid',(#1394));
#1399=IFCPRODUCTDEFINITIONSHAPE($,$,(#1398));
#1400=IFCBUILDINGELEMENTPROXY('1GHCzCBZgL_xfDg5JKNRR0',$,'Paint area A20-PNT-0014',$,$,#1397,#1399,'A20-PNT-0014',$);
#1401=IFCRECTANGLEPROFILEDEF(.AREA.,$,$,2.200,0.080);
#1402=IFCCARTESIANPOINT((0.000,0.000,0.000));
#1403=IFCAXIS2PLACEMENT3D(#1402,$,$);
#1404=IFCEXTRUDEDAREASOLID(#1401,#1403,#21,2.200);
#1405=IFCCARTESIANPOINT((170.450,-38.075,1.900));
#1406=IFCAXIS2PLACEMENT3D(#1405,$,$);
#1407=IFCLOCALPLACEMENT(#14,#1406);
#1408=IFCSHAPEREPRESENTATION(#6,'Body','SweptSolid',(#1404));
#1409=IFCPRODUCTDEFINITIONSHAPE($,$,(#1408));
#1410=IFCBUILDINGELEMENTPROXY('0bkplM3ZXxDuDiCh_Jzxiw',$,'Paint area A20-PNT-0015',$,$,#1407,#1409,'A20-PNT-0015',$);
#1411=IFCRECTANGLEPROFILEDEF(.AREA.,$,$,2.200,0.080);
#1412=IFCCARTESIANPOINT((0.000,0.000,0.000));
#1413=IFCAXIS2PLACEMENT3D(#1412,$,$);
#1414=IFCEXTRUDEDAREASOLID(#1411,#1413,#21,2.200);
#1415=IFCCARTESIANPOINT((178.375,-37.000,1.900));
#1416=IFCAXIS2PLACEMENT3D(#1415,$,$);
#1417=IFCLOCALPLACEMENT(#14,#1416);
#1418=IFCSHAPEREPRESENTATION(#6,'Body','SweptSolid',(#1414));
#1419=IFCPRODUCTDEFINITIONSHAPE($,$,(#1418));
#1420=IFCBUILDINGELEMENTPROXY('1EHsWq1GY6Ao8K2tD04xEZ',$,'Paint area A20-PNT-0016',$,$,#1417,#1419,'A20-PNT-0016',$);
#1421=IFCRECTANGLEPROFILEDEF(.AREA.,$,$,2.200,0.080);
#1422=IFCCARTESIANPOINT((0.000,0.000,0.000));
#1423=IFCAXIS2PLACEMENT3D(#1422,$,$);
#1424=IFCEXTRUDEDAREASOLID(#1421,#1423,#21,2.200);
#1425=IFCCARTESIANPOINT((172.350,-36.025,1.900));
#1426=IFCAXIS2PLACEMENT3D(#1425,$,$);
#1427=IFCLOCALPLACEMENT(#14,#1426);
#1428=IFCSHAPEREPRESENTATION(#6,'Body','SweptSolid',(#1424));
#1429=IFCPRODUCTDEFINITIONSHAPE($,$,(#1428));
#1430=IFCBUILDINGELEMENTPROXY('2z$rHI$lUB8Auqu7mlbBXf',$,'Paint area A20-PNT-0017',$,$,#1427,#1429,'A20-PNT-0017',$);
#1431=IFCRECTANGLEPROFILEDEF(.AREA.,$,$,2.200,0.080);
#1432=IFCCARTESIANPOINT((0.000,0.000,0.000));
#1433=IFCAXIS2PLACEMENT3D(#1432,$,$);
#1434=IFCEXTRUDEDAREASOLID(#1431,#1433,#21,2.200);
#1435=IFCCARTESIANPOINT((158.125,-57.075,1.900));
#1436=IFCAXIS2PLACEMENT3D(#1435,$,$);
#1437=IFCLOCALPLACEMENT(#14,#1436);
#1438=IFCSHAPEREPRESENTATION(#6,'Body','SweptSolid',(#1434));
#1439=IFCPRODUCTDEFINITIONSHAPE($,$,(#1438));
#1440=IFCBUILDINGELEMENTPROXY('0QgeE8IU7Fnu8uVUMC0P7n',$,'Paint area A20-PNT-0018',$,$,#1437,#1439,'A20-PNT-0018',$);
#1441=IFCRECTANGLEPROFILEDEF(.AREA.,$,$,2.200,0.080);
#1442=IFCCARTESIANPOINT((0.000,0.000,0.000));
#1443=IFCAXIS2PLACEMENT3D(#1442,$,$);
#1444=IFCEXTRUDEDAREASOLID(#1441,#1443,#21,2.200);
#1445=IFCCARTESIANPOINT((159.900,-55.825,1.900));
#1446=IFCAXIS2PLACEMENT3D(#1445,$,$);
#1447=IFCLOCALPLACEMENT(#14,#1446);
#1448=IFCSHAPEREPRESENTATION(#6,'Body','SweptSolid',(#1444));
#1449=IFCPRODUCTDEFINITIONSHAPE($,$,(#1448));
#1450=IFCBUILDINGELEMENTPROXY('3Y9Ujb7puAAX8XQi4E6zCX',$,'Paint area A20-PNT-0019',$,$,#1447,#1449,'A20-PNT-0019',$);
#1451=IFCRECTANGLEPROFILEDEF(.AREA.,$,$,2.200,0.080);
#1452=IFCCARTESIANPOINT((0.000,0.000,0.000));
#1453=IFCAXIS2PLACEMENT3D(#1452,$,$);
#1454=IFCEXTRUDEDAREASOLID(#1451,#1453,#21,2.200);
#1455=IFCCARTESIANPOINT((164.825,-57.050,1.900));
#1456=IFCAXIS2PLACEMENT3D(#1455,$,$);
#1457=IFCLOCALPLACEMENT(#14,#1456);
#1458=IFCSHAPEREPRESENTATION(#6,'Body','SweptSolid',(#1454));
#1459=IFCPRODUCTDEFINITIONSHAPE($,$,(#1458));
#1460=IFCBUILDINGELEMENTPROXY('0OvyBz94hwP5mP6rUcJDC9',$,'Paint area A20-PNT-0020',$,$,#1457,#1459,'A20-PNT-0020',$);
#1461=IFCRECTANGLEPROFILEDEF(.AREA.,$,$,2.200,0.080);
#1462=IFCCARTESIANPOINT((0.000,0.000,0.000));
#1463=IFCAXIS2PLACEMENT3D(#1462,$,$);
#1464=IFCEXTRUDEDAREASOLID(#1461,#1463,#21,2.200);
#1465=IFCCARTESIANPOINT((155.450,-56.700,1.900));
#1466=IFCAXIS2PLACEMENT3D(#1465,$,$);
#1467=IFCLOCALPLACEMENT(#14,#1466);
#1468=IFCSHAPEREPRESENTATION(#6,'Body','SweptSolid',(#1464));
#1469=IFCPRODUCTDEFINITIONSHAPE($,$,(#1468));
#1470=IFCBUILDINGELEMENTPROXY('0vBR_zP3bQdQLqiCqmjwZq',$,'Paint area A20-PNT-0021',$,$,#1467,#1469,'A20-PNT-0021',$);
#1471=IFCCIRCLEPROFILEDEF(.AREA.,$,$,1.100);
#1472=IFCCARTESIANPOINT((0.000,0.000,0.000));
#1473=IFCAXIS2PLACEMENT3D(#1472,$,$);
#1474=IFCEXTRUDEDAREASOLID(#1471,#1473,#21,5.000);
#1475=IFCCARTESIANPOINT((150.675,-75.625,0.000));
#1476=IFCAXIS2PLACEMENT3D(#1475,$,$);
#1477=IFCLOCALPLACEMENT(#14,#1476);
#1478=IFCSHAPEREPRESENTATION(#6,'Body','SweptSolid',(#1474));
#1479=IFCPRODUCTDEFINITIONSHAPE($,$,(#1478));
#1480=IFCTANK('1vXDNEckDTE$lVQW5zGdHs',$,'Equipment A20-EQ-0022',$,$,#1477,#1479,'A20-EQ-0022',.VESSEL.);
#1481=IFCCIRCLEPROFILEDEF(.AREA.,$,$,1.100);
#1482=IFCCARTESIANPOINT((0.000,0.000,0.000));
#1483=IFCAXIS2PLACEMENT3D(#1482,$,$);
#1484=IFCEXTRUDEDAREASOLID(#1481,#1483,#21,5.000);
#1485=IFCCARTESIANPOINT((157.125,-73.925,0.000));
#1486=IFCAXIS2PLACEMENT3D(#1485,$,$);
#1487=IFCLOCALPLACEMENT(#14,#1486);
#1488=IFCSHAPEREPRESENTATION(#6,'Body','SweptSolid',(#1484));
#1489=IFCPRODUCTDEFINITIONSHAPE($,$,(#1488));
#1490=IFCTANK('07MbcPUmexgBqRMdaESDaI',$,'Equipment A20-EQ-0023',$,$,#1487,#1489,'A20-EQ-0023',.VESSEL.);
#1491=IFCCIRCLEPROFILEDEF(.AREA.,$,$,1.100);
#1492=IFCCARTESIANPOINT((0.000,0.000,0.000));
#1493=IFCAXIS2PLACEMENT3D(#1492,$,$);
#1494=IFCEXTRUDEDAREASOLID(#1491,#1493,#21,5.000);
#1495=IFCCARTESIANPOINT((143.725,-75.300,0.000));
#1496=IFCAXIS2PLACEMENT3D(#1495,$,$);
#1497=IFCLOCALPLACEMENT(#14,#1496);
#1498=IFCSHAPEREPRESENTATION(#6,'Body','SweptSolid',(#1494));
#1499=IFCPRODUCTDEFINITIONSHAPE($,$,(#1498));
#1500=IFCTANK('102KgzKqoZakHVE4Ow5My3',$,'Equipment A20-EQ-0024',$,$,#1497,#1499,'A20-EQ-0024',.VESSEL.);
#1501=IFCCIRCLEPROFILEDEF(.AREA.,$,$,1.100);
#1502=IFCCARTESIANPOINT((0.000,0.000,0.000));
#1503=IFCAXIS2PLACEMENT3D(#1502,$,$);
#1504=IFCEXTRUDEDAREASOLID(#1501,#1503,#21,5.000);
#1505=IFCCARTESIANPOINT((153.950,-79.300,0.000));
#1506=IFCAXIS2PLACEMENT3D(#1505,$,$);
#1507=IFCLOCALPLACEMENT(#14,#1506);
#1508=IFCSHAPEREPRESENTATION(#6,'Body','SweptSolid',(#1504));
#1509=IFCPRODUCTDEFINITIONSHAPE($,$,(#1508));
#1510=IFCTANK('0zXS7IKE2avU9gCpJAxBXn',$,'Equipment A20-EQ-0025',$,$,#1507,#1509,'A20-EQ-0025',.VESSEL.);
#1511=IFCCIRCLEPROFILEDEF(.AREA.,$,$,1.100);
#1512=IFCCARTESIANPOINT((0.000,0.000,0.000));
#1513=IFCAXIS2PLACEMENT3D(#1512,$,$);
#1514=IFCEXTRUDEDAREASOLID(#1511,#1513,#21,5.000);
#1515=IFCCARTESIANPOINT((149.325,-77.125,0.000));
#1516=IFCAXIS2PLACEMENT3D(#1515,$,$);
#1517=IFCLOCALPLACEMENT(#14,#1516);
#1518=IFCSHAPEREPRESENTATION(#6,'Body','SweptSolid',(#1514));
#1519=IFCPRODUCTDEFINITIONSHAPE($,$,(#1518));
#1520=IFCTANK('14cMT5w9HJyG_rd0h_3$P5',$,'Equipment A20-EQ-0026',$,$,#1517,#1519,'A20-EQ-0026',.VESSEL.);
#1521=IFCCIRCLEPROFILEDEF(.AREA.,$,$,1.100);
#1522=IFCCARTESIANPOINT((0.000,0.000,0.000));
#1523=IFCAXIS2PLACEMENT3D(#1522,$,$);
#1524=IFCEXTRUDEDAREASOLID(#1521,#1523,#21,5.000);
#1525=IFCCARTESIANPOINT((156.700,-80.300,0.000));
#1526=IFCAXIS2PLACEMENT3D(#1525,$,$);
#1527=IFCLOCALPLACEMENT(#14,#1526);
#1528=IFCSHAPEREPRESENTATION(#6,'Body','SweptSolid',(#1524));
#1529=IFCPRODUCTDEFINITIONSHAPE($,$,(#1528));
#1530=IFCTANK('0RYTt$3nXyVDiPTT_65eRm',$,'Equipment A20-EQ-0027',$,$,#1527,#1529,'A20-EQ-0027',.VESSEL.);
#1531=IFCCIRCLEPROFILEDEF(.AREA.,$,$,1.100);
#1532=IFCCARTESIANPOINT((0.000,0.000,0.000));
#1533=IFCAXIS2PLACEMENT3D(#1532,$,$);
#1534=IFCEXTRUDEDAREASOLID(#1531,#1533,#21,5.000);
#1535=IFCCARTESIANPOINT((151.150,-79.800,0.000));
#1536=IFCAXIS2PLACEMENT3D(#1535,$,$);
#1537=IFCLOCALPLACEMENT(#14,#1536);
#1538=IFCSHAPEREPRESENTATION(#6,'Body','SweptSolid',(#1534));
#1539=IFCPRODUCTDEFINITIONSHAPE($,$,(#1538));
#1540=IFCTANK('0ELkf0471ii7xyEXe489uw',$,'Equipment A20-EQ-0028',$,$,#1537,#1539,'A20-EQ-0028',.VESSEL.);
#1541=IFCCIRCLEPROFILEDEF(.AREA.,$,$,1.100);
#1542=IFCCARTESIANPOINT((0.000,0.000,0.000));
#1543=IFCAXIS2PLACEMENT3D(#1542,$,$);
#1544=IFCEXTRUDEDAREASOLID(#1541,#1543,#21,5.000);
#1545=IFCCARTESIANPOINT((152.750,-77.975,0.000));
#1546=IFCAXIS2PLACEMENT3D(#1545,$,$);
#1547=IFCLOCALPLACEMENT(#14,#1546);
#1548=IFCSHAPEREPRESENTATION(#6,'Body','SweptSolid',(#1544));
#1549=IFCPRODUCTDEFINITIONSHAPE($,$,(#1548));
#1550=IFCTANK('0f2hTx1UL7QArHDu1wP_b3',$,'Equipment A20-EQ-0029',$,$,#1547,#1549,'A20-EQ-0029',.VESSEL.);
#1551=IFCCIRCLEPROFILEDEF(.AREA.,$,$,1.100);
#1552=IFCCARTESIANPOINT((0.000,0.000,0.000));
#1553=IFCAXIS2PLACEMENT3D(#1552,$,$);
#1554=IFCEXTRUDEDAREASOLID(#1551,#1553,#21,5.000);
#1555=IFCCARTESIANPOINT((89.550,-46.575,0.000));
#1556=IFCAXIS2PLACEMENT3D(#1555,$,$);
#1557=IFCLOCALPLACEMENT(#14,#1556);
#1558=IFCSHAPEREPRESENTATION(#6,'Body','SweptSolid',(#1554));
#1559=IFCPRODUCTDEFINITIONSHAPE($,$,(#1558));
#1560=IFCTANK('3FF62iMRvI4IKh1lqvTiGR',$,'Equipment A20-EQ-0030',$,$,#1557,#1559,'A20-EQ-0030',.VESSEL.);
#1561=IFCCIRCLEPROFILEDEF(.AREA.,$,$,1.100);
#1562=IFCCARTESIANPOINT((0.000,0.000,0.000));
#1563=IFCAXIS2PLACEMENT3D(#1562,$,$);
#1564=IFCEXTRUDEDAREASOLID(#1561,#1563,#21,5.000);
#1565=IFCCARTESIANPOINT((94.975,-48.000,0.000));
#1566=IFCAXIS2PLACEMENT3D(#1565,$,$);
#1567=IFCLOCALPLACEMENT(#14,#1566);
#1568=IFCSHAPEREPRESENTATION(#6,'Body','SweptSolid',(#1564));
#1569=IFCPRODUCTDEFINITIONSHAPE($,$,(#1568));
#1570=IFCTANK('2n8u54gf0ZIE5M_IjVT$mq',$,'Equipment A20-EQ-0031',$,$,#1567,#1569,'A20-EQ-0031',.VESSEL.);
#1571=IFCCIRCLEPROFILEDEF(.AREA.,$,$,1.100);
#1572=IFCCARTESIANPOINT((0.000,0.000,0.000));
#1573=IFCAXIS2PLACEMENT3D(#1572,$,$);
#1574=IFCEXTRUDEDAREASOLID(#1571,#1573,#21,5.000);
#1575=IFCCARTESIANPOINT((87.000,-48.375,0.000));
#1576=IFCAXIS2PLACEMENT3D(#1575,$,$);
#1577=IFCLOCALPLACEMENT(#14,#1576);
#1578=IFCSHAPEREPRESENTATION(#6,'Body','SweptSolid',(#1574));
#1579=IFCPRODUCTDEFINITIONSHAPE($,$,(#1578));
#1580=IFCTANK('24VhitFJz7wVDwUE3GhiZT',$,'Equipment A20-EQ-0032',$,$,#1577,#1579,'A20-EQ-0032',.VESSEL.);
#1581=IFCCIRCLEPROFILEDEF(.AREA.,$,$,1.100);
#1582=IFCCARTESIANPOINT((0.000,0.000,0.000));
#1583=IFCAXIS2PLACEMENT3D(#1582,$,$);
#1584=IFCEXTRUDEDAREASOLID(#1581,#1583,#21,5.000);
#1585=IFCCARTESIANPOINT((87.000,-50.475,0.000));
#1586=IFCAXIS2PLACEMENT3D(#1585,$,$);
#1587=IFCLOCALPLACEMENT(#14,#1586);
#1588=IFCSHAPEREPRESENTATION(#6,'Body','SweptSolid',(#1584));
#1589=IFCPRODUCTDEFINITIONSHAPE($,$,(#1588));
#1590=IFCTANK('0i5VEjXKyeW_1xVSE54F7B',$,'Equipment A20-EQ-0033',$,$,#1587,#1589,'A20-EQ-0033',.VESSEL.);
#1591=IFCCIRCLEPROFILEDEF(.AREA.,$,$,1.100);
#1592=IFCCARTESIANPOINT((0.000,0.000,0.000));
#1593=IFCAXIS2PLACEMENT3D(#1592,$,$);
#1594=IFCEXTRUDEDAREASOLID(#1591,#1593,#21,5.000);
#1595=IFCCARTESIANPOINT((93.100,-42.325,0.000));
#1596=IFCAXIS2PLACEMENT3D(#1595,$,$);
#1597=IFCLOCALPLACEMENT(#14,#1596);
#1598=IFCSHAPEREPRESENTATION(#6,'Body','SweptSolid',(#1594));
#1599=IFCPRODUCTDEFINITIONSHAPE($,$,(#1598));
#1600=IFCTANK('2IRQO$KY3OF2_Pk0PhcYqo',$,'Equipment A20-EQ-0034',$,$,#1597,#1599,'A20-EQ-0034',.VESSEL.);
#1601=IFCCIRCLEPROFILEDEF(.AREA.,$,$,1.100);
#1602=IFCCARTESIANPOINT((0.000,0.000,0.000));
#1603=IFCAXIS2PLACEMENT3D(#1602,$,$);
#1604=IFCEXTRUDEDAREASOLID(#1601,#1603,#21,5.000);
#1605=IFCCARTESIANPOINT((87.000,-51.500,0.000));
#1606=IFCAXIS2PLACEMENT3D(#1605,$,$);
#1607=IFCLOCALPLACEMENT(#14,#1606);
#1608=IFCSHAPEREPRESENTATION(#6,'Body','SweptSolid',(#1604));
#1609=IFCPRODUCTDEFINITIONSHAPE($,$,(#1608));
#1610=IFCTANK('3Uk9IBlULlQJ0vow9c9mbh',$,'Equipment A20-EQ-0035',$,$,#1607,#1609,'A20-EQ-0035',.VESSEL.);
#1611=IFCCIRCLEHOLLOWPROFILEDEF(.AREA.,$,$,0.200,0.012);
#1612=IFCCARTESIANPOINT((0.000,0.000,0.000));
#1613=IFCAXIS2PLACEMENT3D(#1612,#421,#422);
#1614=IFCEXTRUDEDAREASOLID(#1611,#1613,#21,5.000);
#1615=IFCCARTESIANPOINT((153.425,-66.650,6.400));
#1616=IFCAXIS2PLACEMENT3D(#1615,$,$);
#1617=IFCLOCALPLACEMENT(#14,#1616);
#1618=IFCSHAPEREPRESENTATION(#6,'Body','SweptSolid',(#1614));
#1619=IFCPRODUCTDEFINITIONSHAPE($,$,(#1618));
#1620=IFCPIPESEGMENT('004kP7GWPq8mvsflVlhP6C',$,'Spool A20-SP-0013',$,$,#1617,#1619,'A20-SP-0013',.RIGIDSEGMENT.);
#1621=IFCCIRCLEHOLLOWPROFILEDEF(.AREA.,$,$,0.200,0.012);
#1622=IFCCARTESIANPOINT((0.000,0.000,0.000));
#1623=IFCAXIS2PLACEMENT3D(#1622,#421,#422);
#1624=IFCEXTRUDEDAREASOLID(#1621,#1623,#21,5.000);
#1625=IFCCARTESIANPOINT((153.700,-63.375,6.400));
#1626=IFCAXIS2PLACEMENT3D(#1625,$,$);
#1627=IFCLOCALPLACEMENT(#14,#1626);
#1628=IFCSHAPEREPRESENTATION(#6,'Body','SweptSolid',(#1624));
#1629=IFCPRODUCTDEFINITIONSHAPE($,$,(#1628));
#1630=IFCPIPESEGMENT('3f8GBXTqryRbcYj3j42WiZ',$,'Spool A20-SP-0014',$,$,#1627,#1629,'A20-SP-0014',.RIGIDSEGMENT.);
#1631=IFCCIRCLEHOLLOWPROFILEDEF(.AREA.,$,$,0.200,0.012);
#1632=IFCCARTESIANPOINT((0.000,0.000,0.000));
#1633=IFCAXIS2PLACEMENT3D(#1632,#421,#422);
#1634=IFCEXTRUDEDAREASOLID(#1631,#1633,#21,5.000);
#1635=IFCCARTESIANPOINT((156.275,-71.550,6.400));
#1636=IFCAXIS2PLACEMENT3D(#1635,$,$);
#1637=IFCLOCALPLACEMENT(#14,#1636);
#1638=IFCSHAPEREPRESENTATION(#6,'Body','SweptSolid',(#1634));
#1639=IFCPRODUCTDEFINITIONSHAPE($,$,(#1638));
#1640=IFCPIPESEGMENT('3xf972UBKu4BAH9KffKzlt',$,'Spool A20-SP-0015',$,$,#1637,#1639,'A20-SP-0015',.RIGIDSEGMENT.);
#1641=IFCCIRCLEHOLLOWPROFILEDEF(.AREA.,$,$,0.200,0.012);
#1642=IFCCARTESIANPOINT((0.000,0.000,0.000));
#1643=IFCAXIS2PLACEMENT3D(#1642,#421,#422);
#1644=IFCEXTRUDEDAREASOLID(#1641,#1643,#21,5.000);
#1645=IFCCARTESIANPOINT((147.050,-65.550,6.400));
#1646=IFCAXIS2PLACEMENT3D(#1645,$,$);
#1647=IFCLOCALPLACEMENT(#14,#1646);
#1648=IFCSHAPEREPRESENTATION(#6,'Body','SweptSolid',(#1644));
#1649=IFCPRODUCTDEFINITIONSHAPE($,$,(#1648));
#1650=IFCPIPESEGMENT('1Q6qjVLtB2a5wvV$aFBmBF',$,'Spool A20-SP-0016',$,$,#1647,#1649,'A20-SP-0016',.RIGIDSEGMENT.);
#1651=IFCCIRCLEHOLLOWPROFILEDEF(.AREA.,$,$,0.200,0.012);
#1652=IFCCARTESIANPOINT((0.000,0.000,0.000));
#1653=IFCAXIS2PLACEMENT3D(#1652,#421,#422);
#1654=IFCEXTRUDEDAREASOLID(#1651,#1653,#21,5.000);
#1655=IFCCARTESIANPOINT((147.350,-63.675,6.400));
#1656=IFCAXIS2PLACEMENT3D(#1655,$,$);
#1657=IFCLOCALPLACEMENT(#14,#1656);
#1658=IFCSHAPEREPRESENTATION(#6,'Body','SweptSolid',(#1654));
#1659=IFCPRODUCTDEFINITIONSHAPE($,$,(#1658));
#1660=IFCPIPESEGMENT('3S9Nq$xgNnFJ7b1yXZTSmG',$,'Spool A20-SP-0017',$,$,#1657,#1659,'A20-SP-0017',.RIGIDSEGMENT.);
#1661=IFCCIRCLEHOLLOWPROFILEDEF(.AREA.,$,$,0.200,0.012);
#1662=IFCCARTESIANPOINT((0.000,0.000,0.000));
#1663=IFCAXIS2PLACEMENT3D(#1662,#421,#422);
#1664=IFCEXTRUDEDAREASOLID(#1661,#1663,#21,5.000);
#1665=IFCCARTESIANPOINT((158.150,-69.800,6.400));
#1666=IFCAXIS2PLACEMENT3D(#1665,$,$);
#1667=IFCLOCALPLACEMENT(#14,#1666);
#1668=IFCSHAPEREPRESENTATION(#6,'Body','SweptSolid',(#1664));
#1669=IFCPRODUCTDEFINITIONSHAPE($,$,(#1668));
#1670=IFCPIPESEGMENT('2BqSlBOkbGXysD8ph5Rt1a',$,'Spool A20-SP-0018',$,$,#1667,#1669,'A20-SP-0018',.RIGIDSEGMENT.);
#1671=IFCCIRCLEHOLLOWPROFILEDEF(.AREA.,$,$,0.200,0.012);
#1672=IFCCARTESIANPOINT((0.000,0.000,0.000));
#1673=IFCAXIS2PLACEMENT3D(#1672,#421,#422);
#1674=IFCEXTRUDEDAREASOLID(#1671,#1673,#21,5.000);
#1675=IFCCARTESIANPOINT((150.375,-65.700,6.400));
#1676=IFCAXIS2PLACEMENT3D(#1675,$,$);
#1677=IFCLOCALPLACEMENT(#14,#1676);
#1678=IFCSHAPEREPRESENTATION(#6,'Body','SweptSolid',(#1674));
#1679=IFCPRODUCTDEFINITIONSHAPE($,$,(#1678));
#1680=IFCPIPESEGMENT('1UR5SBoSPQa5sR051x5vus',$,'Spool A20-SP-0019',$,$,#1677,#1679,'A20-SP-0019',.RIGIDSEGMENT.);
#1681=IFCCIRCLEHOLLOWPROFILEDEF(.AREA.,$,$,0.200,0.012);
#1682=IFCCARTESIANPOINT((0.000,0.000,0.000));
#1683=IFCAXIS2PLACEMENT3D(#1682,#421,#422);
#1684=IFCEXTRUDEDAREASOLID(#1681,#1683,#21,5.000);
#1685=IFCCARTESIANPOINT((150.075,-63.050,6.400));
#1686=IFCAXIS2PLACEMENT3D(#1685,$,$);
#1687=IFCLOCALPLACEMENT(#14,#1686);
#1688=IFCSHAPEREPRESENTATION(#6,'Body','SweptSolid',(#1684));
#1689=IFCPRODUCTDEFINITIONSHAPE($,$,(#1688));
#1690=IFCPIPESEGMENT('2s5x4FC0wBEmObAvx1Qmc8',$,'Spool A20-SP-0020',$,$,#1687,#1689,'A20-SP-0020',.RIGIDSEGMENT.);
#1691=IFCCIRCLEHOLLOWPROFILEDEF(.AREA.,$,$,0.200,0.012);
#1692=IFCCARTESIANPOINT((0.000,0.000,0.000));
#1693=IFCAXIS2PLACEMENT3D(#1692,#421,#422);
#1694=IFCEXTRUDEDAREASOLID(#1691,#1693,#21,5.000);
#1695=IFCCARTESIANPOINT((159.375,-71.275,6.400));
#1696=IFCAXIS2PLACEMENT3D(#1695,$,$);
#1697=IFCLOCALPLACEMENT(#14,#1696);
#1698=IFCSHAPEREPRESENTATION(#6,'Body','SweptSolid',(#1694));
#1699=IFCPRODUCTDEFINITIONSHAPE($,$,(#1698));
#1700=IFCPIPESEGMENT('0fxZz2OaF_Xew0FiZnASof',$,'Spool A20-SP-0021',$,$,#1697,#1699,'A20-SP-0021',.RIGIDSEGMENT.);
#1701=IFCCIRCLEHOLLOWPROFILEDEF(.AREA.,$,$,0.200,0.012);
#1702=IFCCARTESIANPOINT((0.000,0.000,0.000));
#1703=IFCAXIS2PLACEMENT3D(#1702,#421,#422);
#1704=IFCEXTRUDEDAREASOLID(#1701,#1703,#21,5.000);
#1705=IFCCARTESIANPOINT((160.350,-66.975,6.400));
#1706=IFCAXIS2PLACEMENT3D(#1705,$,$);
#1707=IFCLOCALPLACEMENT(#14,#1706);
#1708=IFCSHAPEREPRESENTATION(#6,'Body','SweptSolid',(#1704));
#1709=IFCPRODUCTDEFINITIONSHAPE($,$,(#1708));
#1710=IFCPIPESEGMENT('2zyIL3aJOy7C9lfGKJkm0u',$,'Spool A20-SP-0022',$,$,#1707,#1709,'A20-SP-0022',.RIGIDSEGMENT.);
#1711=IFCRECTANGLEPROFILEDEF(.AREA.,$,$,0.600,0.150);
#1712=IFCCARTESIANPOINT((0.000,0.000,0.000));
#1713=IFCAXIS2PLACEMENT3D(#1712,#421,#422);
#1714=IFCEXTRUDEDAREASOLID(#1711,#1713,#21,4.000);
#1715=IFCCARTESIANPOINT((113.875,-22.425,9.200));
#1716=IFCAXIS2PLACEMENT3D(#1715,$,$);
#1717=IFCLOCALPLACEMENT(#14,#1716);
#1718=IFCSHAPEREPRESENTATION(#6,'Body','SweptSolid',(#1714));
#1719=IFCPRODUCTDEFINITIONSHAPE($,$,(#1718));
#1720=IFCCABLECARRIERSEGMENT('2_IdOm9dyIhehGwNyGsdzd',$,'Cable A20-CBL-0006',$,$,#1717,#1719,'A20-CBL-0006',.CABLETRAYSEGMENT.);
#1721=IFCRECTANGLEPROFILEDEF(.AREA.,$,$,0.600,0.150);
#1722=IFCCARTESIANPOINT((0.000,0.000,0.000));
#1723=IFCAXIS2PLACEMENT3D(#1722,#421,#422);
#1724=IFCEXTRUDEDAREASOLID(#1721,#1723,#21,4.000);
#1725=IFCCARTESIANPOINT((116.250,-25.050,9.200));
#1726=IFCAXIS2PLACEMENT3D(#1725,$,$);
#1727=IFCLOCALPLACEMENT(#14,#1726);
#1728=IFCSHAPEREPRESENTATION(#6,'Body','SweptSolid',(#1724));
#1729=IFCPRODUCTDEFINITIONSHAPE($,$,(#1728));
#1730=IFCCABLECARRIERSEGMENT('1fWRYXi0y7sNs$8shix$a7',$,'Cable A20-CBL-0007',$,$,#1727,#1729,'A20-CBL-0007',.CABLETRAYSEGMENT.);
#1731=IFCRECTANGLEPROFILEDEF(.AREA.,$,$,0.600,0.150);
#1732=IFCCARTESIANPOINT((0.000,0.000,0.000));
#1733=IFCAXIS2PLACEMENT3D(#1732,#421,#422);
#1734=IFCEXTRUDEDAREASOLID(#1731,#1733,#21,4.000);
#1735=IFCCARTESIANPOINT((114.675,-22.500,9.200));
#1736=IFCAXIS2PLACEMENT3D(#1735,$,$);
#1737=IFCLOCALPLACEMENT(#14,#1736);
#1738=IFCSHAPEREPRESENTATION(#6,'Body','SweptSolid',(#1734));
#1739=IFCPRODUCTDEFINITIONSHAPE($,$,(#1738));
#1740=IFCCABLECARRIERSEGMENT('3snRuC_Aa5ZZD3JiDsfPVn',$,'Cable A20-CBL-0008',$,$,#1737,#1739,'A20-CBL-0008',.CABLETRAYSEGMENT.);
#1741=IFCRECTANGLEPROFILEDEF(.AREA.,$,$,0.600,0.150);
#1742=IFCCARTESIANPOINT((0.000,0.000,0.000));
#1743=IFCAXIS2PLACEMENT3D(#1742,#421,#422);
#1744=IFCEXTRUDEDAREASOLID(#1741,#1743,#21,4.000);
#1745=IFCCARTESIANPOINT((115.300,-27.875,9.200));
#1746=IFCAXIS2PLACEMENT3D(#1745,$,$);
#1747=IFCLOCALPLACEMENT(#14,#1746);
#1748=IFCSHAPEREPRESENTATION(#6,'Body','SweptSolid',(#1744));
#1749=IFCPRODUCTDEFINITIONSHAPE($,$,(#1748));
#1750=IFCCABLECARRIERSEGMENT('2odycfMB_HrEzENdbIIIah',$,'Cable A20-CBL-0009',$,$,#1747,#1749,'A20-CBL-0009',.CABLETRAYSEGMENT.);
#1751=IFCRECTANGLEPROFILEDEF(.AREA.,$,$,0.600,0.150);
#1752=IFCCARTESIANPOINT((0.000,0.000,0.000));
#1753=IFCAXIS2PLACEMENT3D(#1752,#421,#422);
#1754=IFCEXTRUDEDAREASOLID(#1751,#1753,#21,4.000);
#1755=IFCCARTESIANPOINT((114.750,-25.475,9.200));
#1756=IFCAXIS2PLACEMENT3D(#1755,$,$);
#1757=IFCLOCALPLACEMENT(#14,#1756);
#1758=IFCSHAPEREPRESENTATION(#6,'Body','SweptSolid',(#1754));
#1759=IFCPRODUCTDEFINITIONSHAPE($,$,(#1758));
#1760=IFCCABLECARRIERSEGMENT('1$wQxc3Ky3O_xD4Tv8ICJC',$,'Cable A20-CBL-0010',$,$,#1757,#1759,'A20-CBL-0010',.CABLETRAYSEGMENT.);
#1761=IFCRECTANGLEPROFILEDEF(.AREA.,$,$,0.400,0.400);
#1762=IFCCARTESIANPOINT((0.000,0.000,0.000));
#1763=IFCAXIS2PLACEMENT3D(#1762,$,$);
#1764=IFCEXTRUDEDAREASOLID(#1761,#1763,#21,0.600);
#1765=IFCCARTESIANPOINT((156.550,-82.200,1.100));
#1766=IFCAXIS2PLACEMENT3D(#1765,$,$);
#1767=IFCLOCALPLACEMENT(#14,#1766);
#1768=IFCSHAPEREPRESENTATION(#6,'Body','SweptSolid',(#1764));
#1769=IFCPRODUCTDEFINITIONSHAPE($,$,(#1768));
#1770=IFCBUILDINGELEMENTPROXY('3VbgA3ilzBSWw_YctV9AF3',$,'Instrument A20-INS-0044',$,$,#1767,#1769,'A20-INS-0044',$);
#1771=IFCRECTANGLEPROFILEDEF(.AREA.,$,$,0.400,0.400);
#1772=IFCCARTESIANPOINT((0.000,0.000,0.000));
#1773=IFCAXIS2PLACEMENT3D(#1772,$,$);
#1774=IFCEXTRUDEDAREASOLID(#1771,#1773,#21,0.600);
#1775=IFCCARTESIANPOINT((156.100,-86.825,1.100));
#1776=IFCAXIS2PLACEMENT3D(#1775,$,$);
#1777=IFCLOCALPLACEMENT(#14,#1776);
#1778=IFCSHAPEREPRESENTATION(#6,'Body','SweptSolid',(#1774));
#1779=IFCPRODUCTDEFINITIONSHAPE($,$,(#1778));
#1780=IFCBUILDINGELEMENTPROXY('1SdRD26uLfvLbd5HyM1edu',$,'Instrument A20-INS-0045',$,$,#1777,#1779,'A20-INS-0045',$);
#1781=IFCRECTANGLEPROFILEDEF(.AREA.,$,$,0.400,0.400);
#1782=IFCCARTESIANPOINT((0.000,0.000,0.000));
#1783=IFCAXIS2PLACEMENT3D(#1782,$,$);
#1784=IFCEXTRUDEDAREASOLID(#1781,#1783,#21,0.600);
#1785=IFCCARTESIANPOINT((163.025,-86.175,1.100));
#1786=IFCAXIS2PLACEMENT3D(#1785,$,$);
#1787=IFCLOCALPLACEMENT(#14,#1786);
#1788=IFCSHAPEREPRESENTATION(#6,'Body','SweptSolid',(#1784));
#1789=IFCPRODUCTDEFINITIONSHAPE($,$,(#1788));
#1790=IFCBUILDINGELEMENTPROXY('1mDtXjHdhDbhbMOWfBLaRX',$,'Instrument A20-INS-0046',$,$,#1787,#1789,'A20-INS-0046',$);
#1791=IFCRECTANGLEPROFILEDEF(.AREA.,$,$,0.400,0.400);
#1792=IFCCARTESIANPOINT((0.000,0.000,0.000));
#1793=IFCAXIS2PLACEMENT3D(#1792,$,$);
#1794=IFCEXTRUDEDAREASOLID(#1791,#1793,#21,0.600);
#1795=IFCCARTESIANPOINT((153.325,-84.450,1.100));
#1796=IFCAXIS2PLACEMENT3D(#1795,$,$);
#1797=IFCLOCALPLACEMENT(#14,#1796);
#1798=IFCSHAPEREPRESENTATION(#6,'Body','SweptSolid',(#1794));
#1799=IFCPRODUCTDEFINITIONSHAPE($,$,(#1798));
#1800=IFCBUILDINGELEMENTPROXY('3UJjttTswYThGcRBEqBczC',$,'Instrument A20-INS-0047',$,$,#1797,#1799,'A20-INS-0047',$);
#1801=IFCRECTANGLEPROFILEDEF(.AREA.,$,$,0.400,0.400);
#1802=IFCCARTESIANPOINT((0.000,0.000,0.000));
#1803=IFCAXIS2PLACEMENT3D(#1802,$,$);
#1804=IFCEXTRUDEDAREASOLID(#1801,#1803,#21,0.600);
#1805=IFCCARTESIANPOINT((155.200,-78.300,1.100));
#1806=IFCAXIS2PLACEMENT3D(#1805,$,$);
#1807=IFCLOCALPLACEMENT(#14,#1806);
#1808=IFCSHAPEREPRESENTATION(#6,'Body','SweptSolid',(#1804));
#1809=IFCPRODUCTDEFINITIONSHAPE($,$,(#1808));
#1810=IFCBUILDINGELEMENTPROXY('3DBCcyNrHgGFEx6z6hLGcs',$,'Instrument A20-INS-0048',$,$,#1807,#1809,'A20-INS-0048',$);
#1811=IFCRECTANGLEPROFILEDEF(.AREA.,$,$,0.400,0.400);
#1812=IFCCARTESIANPOINT((0.000,0.000,0.000));
#1813=IFCAXIS2PLACEMENT3D(#1812,$,$);
#1814=IFCEXTRUDEDAREASOLID(#1811,#1813,#21,0.600);
#1815=IFCCARTESIANPOINT((160.475,-77.950,1.100));
#1816=IFCAXIS2PLACEMENT3D(#1815,$,$);
#1817=IFCLOCALPLACEMENT(#14,#1816);
#1818=IFCSHAPEREPRESENTATION(#6,'Body','SweptSolid',(#1814));
#1819=IFCPRODUCTDEFINITIONSHAPE($,$,(#1818));
#1820=IFCBUILDINGELEMENTPROXY('16pUMebf$LcSdnUkNT8jyd',$,'Instrument A20-INS-0049',$,$,#1817,#1819,'A20-INS-0049',$);
#1821=IFCRECTANGLEPROFILEDEF(.AREA.,$,$,0.400,0.400);
#1822=IFCCARTESIANPOINT((0.000,0.000,0.000));
#1823=IFCAXIS2PLACEMENT3D(#1822,$,$);
#1824=IFCEXTRUDEDAREASOLID(#1821,#1823,#21,0.600);
#1825=IFCCARTESIANPOINT((150.650,-87.200,1.100));
#1826=IFCAXIS2PLACEMENT3D(#1825,$,$);
#1827=IFCLOCALPLACEMENT(#14,#1826);
#1828=IFCSHAPEREPRESENTATION(#6,'Body','SweptSolid',(#1824));
#1829=IFCPRODUCTDEFINITIONSHAPE($,$,(#1828));
#1830=IFCBUILDINGELEMENTPROXY('2YAEHCexQNv6DwPymlpxkc',$,'Instrument A20-INS-0050',$,$,#1827,#1829,'A20-INS-0050',$);
#1831=IFCRECTANGLEPROFILEDEF(.AREA.,$,$,0.400,0.400);
#1832=IFCCARTESIANPOINT((0.000,0.000,0.000));
#1833=IFCAXIS2PLACEMENT3D(#1832,$,$);
#1834=IFCEXTRUDEDAREASOLID(#1831,#1833,#21,0.600);
#1835=IFCCARTESIANPOINT((155.650,-80.900,1.100));
#1836=IFCAXIS2PLACEMENT3D(#1835,$,$);
#1837=IFCLOCALPLACEMENT(#14,#1836);
#1838=IFCSHAPEREPRESENTATION(#6,'Body','SweptSolid',(#1834));
#1839=IFCPRODUCTDEFINITIONSHAPE($,$,(#1838));
#1840=IFCBUILDINGELEMENTPROXY('1iSh1tL$SW_dR6jrEwUfI7',$,'Instrument A20-INS-0051',$,$,#1837,#1839,'A20-INS-0051',$);
#1841=IFCRECTANGLEPROFILEDEF(.AREA.,$,$,0.400,0.400);
#1842=IFCCARTESIANPOINT((0.000,0.000,0.000));
#1843=IFCAXIS2PLACEMENT3D(#1842,$,$);
#1844=IFCEXTRUDEDAREASOLID(#1841,#1843,#21,0.600);
#1845=IFCCARTESIANPOINT((151.400,-78.000,1.100));
#1846=IFCAXIS2PLACEMENT3D(#1845,$,$);
#1847=IFCLOCALPLACEMENT(#14,#1846);
#1848=IFCSHAPEREPRESENTATION(#6,'Body','SweptSolid',(#1844));
#1849=IFCPRODUCTDEFINITIONSHAPE($,$,(#1848));
#1850=IFCBUILDINGELEMENTPROXY('2Z$z$Q0b$4Z46HxSc$rDM8',$,'Instrument A20-INS-0052',$,$,#1847,#1849,'A20-INS-0052',$);
#1851=IFCRECTANGLEPROFILEDEF(.AREA.,$,$,0.400,0.400);
#1852=IFCCARTESIANPOINT((0.000,0.000,0.000));
#1853=IFCAXIS2PLACEMENT3D(#1852,$,$);
#1854=IFCEXTRUDEDAREASOLID(#1851,#1853,#21,0.600);
#1855=IFCCARTESIANPOINT((164.550,-53.775,1.100));
#1856=IFCAXIS2PLACEMENT3D(#1855,$,$);
#1857=IFCLOCALPLACEMENT(#14,#1856);
#1858=IFCSHAPEREPRESENTATION(#6,'Body','SweptSolid',(#1854));
#1859=IFCPRODUCTDEFINITIONSHAPE($,$,(#1858));
#1860=IFCBUILDINGELEMENTPROXY('2LYOQ4kp$qtB$qXt7g8HL6',$,'Instrument A20-INS-0053',$,$,#1857,#1859,'A20-INS-0053',$);
#1861=IFCRECTANGLEPROFILEDEF(.AREA.,$,$,0.400,0.400);
#1862=IFCCARTESIANPOINT((0.000,0.000,0.000));
#1863=IFCAXIS2PLACEMENT3D(#1862,$,$);
#1864=IFCEXTRUDEDAREASOLID(#1861,#1863,#21,0.600);
#1865=IFCCARTESIANPOINT((162.925,-52.350,1.100));
#1866=IFCAXIS2PLACEMENT3D(#1865,$,$);
#1867=IFCLOCALPLACEMENT(#14,#1866);
#1868=IFCSHAPEREPRESENTATION(#6,'Body','SweptSolid',(#1864));
#1869=IFCPRODUCTDEFINITIONSHAPE($,$,(#1868));
#1870=IFCBUILDINGELEMENTPROXY('2ItNjBOXflFoW9gR845Xef',$,'Instrument A20-INS-0054',$,$,#1867,#1869,'A20-INS-0054',$);
#1871=IFCRECTANGLEPROFILEDEF(.AREA.,$,$,0.400,0.400);
#1872=IFCCARTESIANPOINT((0.000,0.000,0.000));
#1873=IFCAXIS2PLACEMENT3D(#1872,$,$);
#1874=IFCEXTRUDEDAREASOLID(#1871,#1873,#21,0.600);
#1875=IFCCARTESIANPOINT((162.775,-48.775,1.100));
#1876=IFCAXIS2PLACEMENT3D(#1875,$,$);
#1877=IFCLOCALPLACEMENT(#14,#1876);
#1878=IFCSHAPEREPRESENTATION(#6,'Body','SweptSolid',(#1874));
#1879=IFCPRODUCTDEFINITIONSHAPE($,$,(#1878));
#1880=IFCBUILDINGELEMENTPROXY('335wqInMUXoVS8dvM4l$75',$,'Instrument A20-INS-0055',$,$,#1877,#1879,'A20-INS-0055',$);
#1881=IFCRECTANGLEPROFILEDEF(.AREA.,$,$,0.400,0.400);
#1882=IFCCARTESIANPOINT((0.000,0.000,0.000));
#1883=IFCAXIS2PLACEMENT3D(#1882,$,$);
#1884=IFCEXTRUDEDAREASOLID(#1881,#1883,#21,0.600);
#1885=IFCCARTESIANPOINT((159.500,-58.800,1.100));
#1886=IFCAXIS2PLACEMENT3D(#1885,$,$);
#1887=IFCLOCALPLACEMENT(#14,#1886);
#1888=IFCSHAPEREPRESENTATION(#6,'Body','SweptSolid',(#1884));
#1889=IFCPRODUCTDEFINITIONSHAPE($,$,(#1888));
#1890=IFCBUILDINGELEMENTPROXY('1JQjKRFfkhipXMiE38jhTI',$,'Instrument A20-INS-0056',$,$,#1887,#1889,'A20-INS-0056',$);
#1891=IFCRECTANGLEPROFILEDEF(.AREA.,$,$,0.400,0.400);
#1892=IFCCARTESIANPOINT((0.000,0.000,0.000));
#1893=IFCAXIS2PLACEMENT3D(#1892,$,$);
#1894=IFCEXTRUDEDAREASOLID(#1891,#1893,#21,0.600);
#1895=IFCCARTESIANPOINT((169.450,-49.400,1.100));
#1896=IFCAXIS2PLACEMENT3D(#1895,$,$);
#1897=IFCLOCALPLACEMENT(#14,#1896);
#1898=IFCSHAPEREPRESENTATION(#6,'Body','SweptSolid',(#1894));
#1899=IFCPRODUCTDEFINITIONSHAPE($,$,(#1898));
#1900=IFCBUILDINGELEMENTPROXY('0ZFQCmldzLrjsk327DtqXP',$,'Instrument A20-INS-0057',$,$,#1897,#1899,'A20-INS-0057',$);
#1901=IFCRECTANGLEPROFILEDEF(.AREA.,$,$,0.400,0.400);
#1902=IFCCARTESIANPOINT((0.000,0.000,0.000));
#1903=IFCAXIS2PLACEMENT3D(#1902,$,$);
#1904=IFCEXTRUDEDAREASOLID(#1901,#1903,#21,0.600);
#1905=IFCCARTESIANPOINT((164.375,-52.850,1.100));
#1906=IFCAXIS2PLACEMENT3D(#1905,$,$);
#1907=IFCLOCALPLACEMENT(#14,#1906);
#1908=IFCSHAPEREPRESENTATION(#6,'Body','SweptSolid',(#1904));
#1909=IFCPRODUCTDEFINITIONSHAPE($,$,(#1908));
#1910=IFCBUILDINGELEMENTPROXY('3IqeVgyiPEY$gR8bDqpwea',$,'Instrument A20-INS-0058',$,$,#1907,#1909,'A20-INS-0058',$);
#1911=IFCRECTANGLEPROFILEDEF(.AREA.,$,$,0.400,0.400);
#1912=IFCCARTESIANPOINT((0.000,0.000,0.000));
#1913=IFCAXIS2PLACEMENT3D(#1912,$,$);
#1914=IFCEXTRUDEDAREASOLID(#1911,#1913,#21,0.600);
#1915=IFCCARTESIANPOINT((159.075,-48.775,1.100));
#1916=IFCAXIS2PLACEMENT3D(#1915,$,$);
#1917=IFCLOCALPLACEMENT(#14,#1916);
#1918=IFCSHAPEREPRESENTATION(#6,'Body','SweptSolid',(#1914));
#1919=IFCPRODUCTDEFINITIONSHAPE($,$,(#1918));
#1920=IFCBUILDINGELEMENTPROXY('2iGMOidPZ_dHwWzrpBWeJX',$,'Instrument A20-INS-0059',$,$,#1917,#1919,'A20-INS-0059',$);
#1921=IFCCIRCLEPROFILEDEF(.AREA.,$,$,0.330);
#1922=IFCCARTESIANPOINT((0.000,0.000,0.000));
#1923=IFCAXIS2PLACEMENT3D(#1922,#422,#421);
#1924=IFCEXTRUDEDAREASOLID(#1921,#1923,#21,4.000);
#1925=IFCCARTESIANPOINT((125.600,-13.550,7.600));
#1926=IFCAXIS2PLACEMENT3D(#1925,$,$);
#1927=IFCLOCALPLACEMENT(#14,#1926);
#1928=IFCSHAPEREPRESENTATION(#6,'Body','SweptSolid',(#1924));
#1929=IFCPRODUCTDEFINITIONSHAPE($,$,(#1928));
#1930=IFCBUILDINGELEMENTPROXY('1Nejh2tiZUGiJwF1rxXax6',$,'Insulation A20-INSU-0025',$,$,#1927,#1929,'A20-INSU-0025',$);
#1931=IFCCIRCLEPROFILEDEF(.AREA.,$,$,0.330);
#1932=IFCCARTESIANPOINT((0.000,0.000,0.000));
#1933=IFCAXIS2PLACEMENT3D(#1932,#422,#421);
#1934=IFCEXTRUDEDAREASOLID(#1931,#1933,#21,4.000);
#1935=IFCCARTESIANPOINT((120.350,-15.325,7.600));
#1936=IFCAXIS2PLACEMENT3D(#1935,$,$);
#1937=IFCLOCALPLACEMENT(#14,#1936);
#1938=IFCSHAPEREPRESENTATION(#6,'Body','SweptSolid',(#1934));
#1939=IFCPRODUCTDEFINITIONSHAPE($,$,(#1938));
#1940=IFCBUILDINGELEMENTPROXY('07SpzDRR_wPyPzNnt5WPc1',$,'Insulation A20-INSU-0026',$,$,#1937,#1939,'A20-INSU-0026',$);
#1941=IFCCIRCLEPROFILEDEF(.AREA.,$,$,0.330);
#1942=IFCCARTESIANPOINT((0.000,0.000,0.000));
#1943=IFCAXIS2PLACEMENT3D(#1942,#422,#421);
#1944=IFCEXTRUDEDAREASOLID(#1941,#1943,#21,4.000);
#1945=IFCCARTESIANPOINT((119.925,-13.450,7.600));
#1946=IFCAXIS2PLACEMENT3D(#1945,$,$);
#1947=IFCLOCALPLACEMENT(#14,#1946);
#1948=IFCSHAPEREPRESENTATION(#6,'Body','SweptSolid',(#1944));
#1949=IFCPRODUCTDEFINITIONSHAPE($,$,(#1948));
#1950=IFCBUILDINGELEMENTPROXY('0jjnacrGWdVLcmwAFP55_5',$,'Insulation A20-INSU-0027',$,$,#1947,#1949,'A20-INSU-0027',$);
#1951=IFCCIRCLEPROFILEDEF(.AREA.,$,$,0.330);
#1952=IFCCARTESIANPOINT((0.000,0.000,0.000));
#1953=IFCAXIS2PLACEMENT3D(#1952,#422,#421);
#1954=IFCEXTRUDEDAREASOLID(#1951,#1953,#21,4.000);
#1955=IFCCARTESIANPOINT((130.375,-10.925,7.600));
#1956=IFCAXIS2PLACEMENT3D(#1955,$,$);
#1957=IFCLOCALPLACEMENT(#14,#1956);
#1958=IFCSHAPEREPRESENTATION(#6,'Body','SweptSolid',(#1954));
#1959=IFCPRODUCTDEFINITIONSHAPE($,$,(#1958));
#1960=IFCBUILDINGELEMENTPROXY('3gyLC55XlINVvpG8HTb3pA',$,'Insulation A20-INSU-0028',$,$,#1957,#1959,'A20-INSU-0028',$);
#1961=IFCCIRCLEPROFILEDEF(.AREA.,$,$,0.330);
#1962=IFCCARTESIANPOINT((0.000,0.000,0.000));
#1963=IFCAXIS2PLACEMENT3D(#1962,#422,#421);
#1964=IFCEXTRUDEDAREASOLID(#1961,#1963,#21,4.000);
#1965=IFCCARTESIANPOINT((131.650,-16.550,7.600));
#1966=IFCAXIS2PLACEMENT3D(#1965,$,$);
#1967=IFCLOCALPLACEMENT(#14,#1966);
#1968=IFCSHAPEREPRESENTATION(#6,'Body','SweptSolid',(#1964));
#1969=IFCPRODUCTDEFINITIONSHAPE($,$,(#1968));
#1970=IFCBUILDINGELEMENTPROXY('29gPiR_5aCa47X8EKVPvRV',$,'Insulation A20-INSU-0029',$,$,#1967,#1969,'A20-INSU-0029',$);
#1971=IFCCIRCLEPROFILEDEF(.AREA.,$,$,0.330);
#1972=IFCCARTESIANPOINT((0.000,0.000,0.000));
#1973=IFCAXIS2PLACEMENT3D(#1972,#422,#421);
#1974=IFCEXTRUDEDAREASOLID(#1971,#1973,#21,4.000);
#1975=IFCCARTESIANPOINT((129.000,-12.925,7.600));
#1976=IFCAXIS2PLACEMENT3D(#1975,$,$);
#1977=IFCLOCALPLACEMENT(#14,#1976);
#1978=IFCSHAPEREPRESENTATION(#6,'Body','SweptSolid',(#1974));
#1979=IFCPRODUCTDEFINITIONSHAPE($,$,(#1978));
#1980=IFCBUILDINGELEMENTPROXY('1wKtPHb54KE_fgubX7_k9P',$,'Insulation A20-INSU-0030',$,$,#1977,#1979,'A20-INSU-0030',$);
#1981=IFCRECTANGLEPROFILEDEF(.AREA.,$,$,2.200,0.080);
#1982=IFCCARTESIANPOINT((0.000,0.000,0.000));
#1983=IFCAXIS2PLACEMENT3D(#1982,$,$);
#1984=IFCEXTRUDEDAREASOLID(#1981,#1983,#21,2.200);
#1985=IFCCARTESIANPOINT((89.950,-63.500,1.900));
#1986=IFCAXIS2PLACEMENT3D(#1985,$,$);
#1987=IFCLOCALPLACEMENT(#14,#1986);
#1988=IFCSHAPEREPRESENTATION(#6,'Body','SweptSolid',(#1984));
#1989=IFCPRODUCTDEFINITIONSHAPE($,$,(#1988));
#1990=IFCBUILDINGELEMENTPROXY('3INca$yuO8oyraIhIZmvYG',$,'Paint area A20-PNT-0022',$,$,#1987,#1989,'A20-PNT-0022',$);
#1991=IFCRECTANGLEPROFILEDEF(.AREA.,$,$,2.200,0.080);
#1992=IFCCARTESIANPOINT((0.000,0.000,0.000));
#1993=IFCAXIS2PLACEMENT3D(#1992,$,$);
#1994=IFCEXTRUDEDAREASOLID(#1991,#1993,#21,2.200);
#1995=IFCCARTESIANPOINT((87.000,-62.625,1.900));
#1996=IFCAXIS2PLACEMENT3D(#1995,$,$);
#1997=IFCLOCALPLACEMENT(#14,#1996);
#1998=IFCSHAPEREPRESENTATION(#6,'Body','SweptSolid',(#1994));
#1999=IFCPRODUCTDEFINITIONSHAPE($,$,(#1998));
#2000=IFCBUILDINGELEMENTPROXY('3li93Ge2wQ7PwqZQwOwUHD',$,'Paint area A20-PNT-0023',$,$,#1997,#1999,'A20-PNT-0023',$);
#2001=IFCRECTANGLEPROFILEDEF(.AREA.,$,$,2.200,0.080);
#2002=IFCCARTESIANPOINT((0.000,0.000,0.000));
#2003=IFCAXIS2PLACEMENT3D(#2002,$,$);
#2004=IFCEXTRUDEDAREASOLID(#2001,#2003,#21,2.200);
#2005=IFCCARTESIANPOINT((92.150,-62.075,1.900));
#2006=IFCAXIS2PLACEMENT3D(#2005,$,$);
#2007=IFCLOCALPLACEMENT(#14,#2006);
#2008=IFCSHAPEREPRESENTATION(#6,'Body','SweptSolid',(#2004));
#2009=IFCPRODUCTDEFINITIONSHAPE($,$,(#2008));
#2010=IFCBUILDINGELEMENTPROXY('3K6hbGFrdt9P4KB1uj6VLX',$,'Paint area A20-PNT-0024',$,$,#2007,#2009,'A20-PNT-0024',$);
#2011=IFCRECTANGLEPROFILEDEF(.AREA.,$,$,2.200,0.080);
#2012=IFCCARTESIANPOINT((0.000,0.000,0.000));
#2013=IFCAXIS2PLACEMENT3D(#2012,$,$);
#2014=IFCEXTRUDEDAREASOLID(#2011,#2013,#21,2.200);
#2015=IFCCARTESIANPOINT((93.900,-58.625,1.900));
#2016=IFCAXIS2PLACEMENT3D(#2015,$,$);
#2017=IFCLOCALPLACEMENT(#14,#2016);
#2018=IFCSHAPEREPRESENTATION(#6,'Body','SweptSolid',(#2014));
#2019=IFCPRODUCTDEFINITIONSHAPE($,$,(#2018));
#2020=IFCBUILDINGELEMENTPROXY('1BWMVHzvHZsUbT4GBX1biG',$,'Paint area A20-PNT-0025',$,$,#2017,#2019,'A20-PNT-0025',$);
#2021=IFCRECTANGLEPROFILEDEF(.AREA.,$,$,2.200,0.080);
#2022=IFCCARTESIANPOINT((0.000,0.000,0.000));
#2023=IFCAXIS2PLACEMENT3D(#2022,$,$);
#2024=IFCEXTRUDEDAREASOLID(#2021,#2023,#21,2.200);
#2025=IFCCARTESIANPOINT((96.450,-65.400,1.900));
#2026=IFCAXIS2PLACEMENT3D(#2025,$,$);
#2027=IFCLOCALPLACEMENT(#14,#2026);
#2028=IFCSHAPEREPRESENTATION(#6,'Body','SweptSolid',(#2024));
#2029=IFCPRODUCTDEFINITIONSHAPE($,$,(#2028));
#2030=IFCBUILDINGELEMENTPROXY('33iYYUbut$chvUNA1g6K8D',$,'Paint area A20-PNT-0026',$,$,#2027,#2029,'A20-PNT-0026',$);
#2031=IFCRECTANGLEPROFILEDEF(.AREA.,$,$,2.200,0.080);
#2032=IFCCARTESIANPOINT((0.000,0.000,0.000));
#2033=IFCAXIS2PLACEMENT3D(#2032,$,$);
#2034=IFCEXTRUDEDAREASOLID(#2031,#2033,#21,2.200);
#2035=IFCCARTESIANPOINT((87.000,-62.075,1.900));
#2036=IFCAXIS2PLACEMENT3D(#2035,$,$);
#2037=IFCLOCALPLACEMENT(#14,#2036);
#2038=IFCSHAPEREPRESENTATION(#6,'Body','SweptSolid',(#2034));
#2039=IFCPRODUCTDEFINITIONSHAPE($,$,(#2038));
#2040=IFCBUILDINGELEMENTPROXY('05IT0plNDfRo64gwnSw7sf',$,'Paint area A20-PNT-0027',$,$,#2037,#2039,'A20-PNT-0027',$);
#2041=IFCRECTANGLEPROFILEDEF(.AREA.,$,$,2.200,0.080);
#2042=IFCCARTESIANPOINT((0.000,0.000,0.000));
#2043=IFCAXIS2PLACEMENT3D(#2042,$,$);
#2044=IFCEXTRUDEDAREASOLID(#2041,#2043,#21,2.200);
#2045=IFCCARTESIANPOINT((93.050,-65.575,1.900));
#2046=IFCAXIS2PLACEMENT3D(#2045,$,$);
#2047=IFCLOCALPLACEMENT(#14,#2046);
#2048=IFCSHAPEREPRESENTATION(#6,'Body','SweptSolid',(#2044));
#2049=IFCPRODUCTDEFINITIONSHAPE($,$,(#2048));
#2050=IFCBUILDINGELEMENTPROXY('19rKWgw3LIFmitsFDSSH1n',$,'Paint area A20-PNT-0028',$,$,#2047,#2049,'A20-PNT-0028',$);
#2051=IFCRECTANGLEPROFILEDEF(.AREA.,$,$,1.600,1.600);
#2052=IFCCARTESIANPOINT((0.000,0.000,0.000));
#2053=IFCAXIS2PLACEMENT3D(#2052,$,$);
#2054=IFCEXTRUDEDAREASOLID(#2051,#2053,#21,1.200);
#2055=IFCCARTESIANPOINT((164.875,-29.575,0.000));
#2056=IFCAXIS2PLACEMENT3D(#2055,$,$);
#2057=IFCLOCALPLACEMENT(#14,#2056);
#2058=IFCSHAPEREPRESENTATION(#6,'Body','SweptSolid',(#2054));
#2059=IFCPRODUCTDEFINITIONSHAPE($,$,(#2058));
#2060=IFCFOOTING('1aLrYNr8haoFhRgOhpycRA',$,'Foundation A20-FDN-0011',$,$,#2057,#2059,'A20-FDN-0011',.PAD_FOOTING.);
#2061=IFCRECTANGLEPROFILEDEF(.AREA.,$,$,1.600,1.600);
#2062=IFCCARTESIANPOINT((0.000,0.000,0.000));
#2063=IFCAXIS2PLACEMENT3D(#2062,$,$);
#2064=IFCEXTRUDEDAREASOLID(#2061,#2063,#21,1.200);
#2065=IFCCARTESIANPOINT((102.100,-13.000,0.000));
#2066=IFCAXIS2PLACEMENT3D(#2065,$,$);
#2067=IFCLOCALPLACEMENT(#14,#2066);
#2068=IFCSHAPEREPRESENTATION(#6,'Body','SweptSolid',(#2064));
#2069=IFCPRODUCTDEFINITIONSHAPE($,$,(#2068));
#2070=IFCFOOTING('08fkM2sup5R9Ctf3cCWJFA',$,'Foundation A20-FDN-0012',$,$,#2067,#2069,'A20-FDN-0012',.PAD_FOOTING.);
#2071=IFCRECTANGLEPROFILEDEF(.AREA.,$,$,1.600,1.600);
#2072=IFCCARTESIANPOINT((0.000,0.000,0.000));
#2073=IFCAXIS2PLACEMENT3D(#2072,$,$);
#2074=IFCEXTRUDEDAREASOLID(#2071,#2073,#21,1.200);
#2075=IFCCARTESIANPOINT((129.250,-78.525,0.000));
#2076=IFCAXIS2PLACEMENT3D(#2075,$,$);
#2077=IFCLOCALPLACEMENT(#14,#2076);
#2078=IFCSHAPEREPRESENTATION(#6,'Body','SweptSolid',(#2074));
#2079=IFCPRODUCTDEFINITIONSHAPE($,$,(#2078));
#2080=IFCFOOTING('3ygT8OYPVKFyI3TqHazY8w',$,'Foundation A20-FDN-0013',$,$,#2077,#2079,'A20-FDN-0013',.PAD_FOOTING.);
#2081=IFCRECTANGLEPROFILEDEF(.AREA.,$,$,1.600,1.600);
#2082=IFCCARTESIANPOINT((0.000,0.000,0.000));
#2083=IFCAXIS2PLACEMENT3D(#2082,$,$);
#2084=IFCEXTRUDEDAREASOLID(#2081,#2083,#21,1.200);
#2085=IFCCARTESIANPOINT((138.150,-33.225,0.000));
#2086=IFCAXIS2PLACEMENT3D(#2085,$,$);
#2087=IFCLOCALPLACEMENT(#14,#2086);
#2088=IFCSHAPEREPRESENTATION(#6,'Body','SweptSolid',(#2084));
#2089=IFCPRODUCTDEFINITIONSHAPE($,$,(#2088));
#2090=IFCFOOTING('0FWLD6lcGkUjwaugeWKi6_',$,'Foundation A20-FDN-0014',$,$,#2087,#2089,'A20-FDN-0014',.PAD_FOOTING.);
#2091=IFCRECTANGLEPROFILEDEF(.AREA.,$,$,1.600,1.600);
#2092=IFCCARTESIANPOINT((0.000,0.000,0.000));
#2093=IFCAXIS2PLACEMENT3D(#2092,$,$);
#2094=IFCEXTRUDEDAREASOLID(#2091,#2093,#21,1.200);
#2095=IFCCARTESIANPOINT((92.025,-19.025,0.000));
#2096=IFCAXIS2PLACEMENT3D(#2095,$,$);
#2097=IFCLOCALPLACEMENT(#14,#2096);
#2098=IFCSHAPEREPRESENTATION(#6,'Body','SweptSolid',(#2094));
#2099=IFCPRODUCTDEFINITIONSHAPE($,$,(#2098));
#2100=IFCFOOTING('0gUcRbP6hIkq5bTFNkcAC2',$,'Foundation A20-FDN-0015',$,$,#2097,#2099,'A20-FDN-0015',.PAD_FOOTING.);
#2101=IFCRECTANGLEPROFILEDEF(.AREA.,$,$,1.600,1.600);
#2102=IFCCARTESIANPOINT((0.000,0.000,0.000));
#2103=IFCAXIS2PLACEMENT3D(#2102,$,$);
#2104=IFCEXTRUDEDAREASOLID(#2101,#2103,#21,1.200);
#2105=IFCCARTESIANPOINT((184.550,-74.275,0.000));
#2106=IFCAXIS2PLACEMENT3D(#2105,$,$);
#2107=IFCLOCALPLACEMENT(#14,#2106);
#2108=IFCSHAPEREPRESENTATION(#6,'Body','SweptSolid',(#2104));
#2109=IFCPRODUCTDEFINITIONSHAPE($,$,(#2108));
#2110=IFCFOOTING('21m64geeEsBRAwGTJnEv9i',$,'Foundation A20-FDN-0016',$,$,#2107,#2109,'A20-FDN-0016',.PAD_FOOTING.);
#2111=IFCRECTANGLEPROFILEDEF(.AREA.,$,$,1.600,1.600);
#2112=IFCCARTESIANPOINT((0.000,0.000,0.000));
#2113=IFCAXIS2PLACEMENT3D(#2112,$,$);
#2114=IFCEXTRUDEDAREASOLID(#2111,#2113,#21,1.200);
#2115=IFCCARTESIANPOINT((90.200,-62.700,0.000));
#2116=IFCAXIS2PLACEMENT3D(#2115,$,$);
#2117=IFCLOCALPLACEMENT(#14,#2116);
#2118=IFCSHAPEREPRESENTATION(#6,'Body','SweptSolid',(#2114));
#2119=IFCPRODUCTDEFINITIONSHAPE($,$,(#2118));
#2120=IFCFOOTING('3Xat1mbhqNIvCpscyMT_Vx',$,'Foundation A20-FDN-0017',$,$,#2117,#2119,'A20-FDN-0017',.PAD_FOOTING.);
#2121=IFCRECTANGLEPROFILEDEF(.AREA.,$,$,1.600,1.600);
#2122=IFCCARTESIANPOINT((0.000,0.000,0.000));
#2123=IFCAXIS2PLACEMENT3D(#2122,$,$);
#2124=IFCEXTRUDEDAREASOLID(#2121,#2123,#21,1.200);
#2125=IFCCARTESIANPOINT((114.575,-20.625,0.000));
#2126=IFCAXIS2PLACEMENT3D(#2125,$,$);
#2127=IFCLOCALPLACEMENT(#14,#2126);
#2128=IFCSHAPEREPRESENTATION(#6,'Body','SweptSolid',(#2124));
#2129=IFCPRODUCTDEFINITIONSHAPE($,$,(#2128));
#2130=IFCFOOTING('2dmYH9DQJ$TdPq5YsDg_3i',$,'Foundation A20-FDN-0018',$,$,#2127,#2129,'A20-FDN-0018',.PAD_FOOTING.);
#2131=IFCRECTANGLEPROFILEDEF(.AREA.,$,$,1.600,1.600);
#2132=IFCCARTESIANPOINT((0.000,0.000,0.000));
#2133=IFCAXIS2PLACEMENT3D(#2132,$,$);
#2134=IFCEXTRUDEDAREASOLID(#2131,#2133,#21,1.200);
#2135=IFCCARTESIANPOINT((174.150,-70.900,0.000));
#2136=IFCAXIS2PLACEMENT3D(#2135,$,$);
#2137=IFCLOCALPLACEMENT(#14,#2136);
#2138=IFCSHAPEREPRESENTATION(#6,'Body','SweptSolid',(#2134));
#2139=IFCPRODUCTDEFINITIONSHAPE($,$,(#2138));
#2140=IFCFOOTING('3umzx0iVviEZSLCCtPpUYo',$,'Foundation A20-FDN-0019',$,$,#2137,#2139,'A20-FDN-0019',.PAD_FOOTING.);
#2141=IFCISHAPEPROFILEDEF(.AREA.,$,$,0.300,0.300,0.012,0.018,$,$,$);
#2142=IFCCARTESIANPOINT((0.000,0.000,0.000));
#2143=IFCAXIS2PLACEMENT3D(#2142,$,$);
#2144=IFCEXTRUDEDAREASOLID(#2141,#2143,#21,9.000);
#2145=IFCCARTESIANPOINT((170.275,-86.975,0.000));
#2146=IFCAXIS2PLACEMENT3D(#2145,$,$);
#2147=IFCLOCALPLACEMENT(#14,#2146);
#2148=IFCSHAPEREPRESENTATION(#6,'Body','SweptSolid',(#2144));
#2149=IFCPRODUCTDEFINITIONSHAPE($,$,(#2148));
#2150=IFCCOLUMN('3ZbU$Em7GmVsxztXU_qtqt',$,'Steel assembly A20-STL-0010',$,$,#2147,#2149,'A20-STL-0010',.COLUMN.);
#2151=IFCISHAPEPROFILEDEF(.AREA.,$,$,0.300,0.300,0.012,0.018,$,$,$);
#2152=IFCCARTESIANPOINT((0.000,0.000,0.000));
#2153=IFCAXIS2PLACEMENT3D(#2152,$,$);
#2154=IFCEXTRUDEDAREASOLID(#2151,#2153,#21,9.000);
#2155=IFCCARTESIANPOINT((127.150,-25.700,0.000));
#2156=IFCAXIS2PLACEMENT3D(#2155,$,$);
#2157=IFCLOCALPLACEMENT(#14,#2156);
#2158=IFCSHAPEREPRESENTATION(#6,'Body','SweptSolid',(#2154));
#2159=IFCPRODUCTDEFINITIONSHAPE($,$,(#2158));
#2160=IFCCOLUMN('1r5okVXUj4nvROFdEwb3Fr',$,'Steel assembly A20-STL-0011',$,$,#2157,#2159,'A20-STL-0011',.COLUMN.);
#2161=IFCISHAPEPROFILEDEF(.AREA.,$,$,0.300,0.300,0.012,0.018,$,$,$);
#2162=IFCCARTESIANPOINT((0.000,0.000,0.000));
#2163=IFCAXIS2PLACEMENT3D(#2162,$,$);
#2164=IFCEXTRUDEDAREASOLID(#2161,#2163,#21,9.000);
#2165=IFCCARTESIANPOINT((96.000,-82.950,0.000));
#2166=IFCAXIS2PLACEMENT3D(#2165,$,$);
#2167=IFCLOCALPLACEMENT(#14,#2166);
#2168=IFCSHAPEREPRESENTATION(#6,'Body','SweptSolid',(#2164));
#2169=IFCPRODUCTDEFINITIONSHAPE($,$,(#2168));
#2170=IFCCOLUMN('3Rz9E5DRJLhnnEypGPDm4z',$,'Steel assembly A20-STL-0012',$,$,#2167,#2169,'A20-STL-0012',.COLUMN.);
#2171=IFCISHAPEPROFILEDEF(.AREA.,$,$,0.300,0.300,0.012,0.018,$,$,$);
#2172=IFCCARTESIANPOINT((0.000,0.000,0.000));
#2173=IFCAXIS2PLACEMENT3D(#2172,$,$);
#2174=IFCEXTRUDEDAREASOLID(#2171,#2173,#21,9.000);
#2175=IFCCARTESIANPOINT((176.475,-39.400,0.000));
#2176=IFCAXIS2PLACEMENT3D(#2175,$,$);
#2177=IFCLOCALPLACEMENT(#14,#2176);
#2178=IFCSHAPEREPRESENTATION(#6,'Body','SweptSolid',(#2174));
#2179=IFCPRODUCTDEFINITIONSHAPE($,$,(#2178));
#2180=IFCCOLUMN('0yAA7G2mpLVTPa$CswmAzm',$,'Steel assembly A20-STL-0013',$,$,#2177,#2179,'A20-STL-0013',.COLUMN.);
#2181=IFCISHAPEPROFILEDEF(.AREA.,$,$,0.300,0.300,0.012,0.018,$,$,$);
#2182=IFCCARTESIANPOINT((0.000,0.000,0.000));
#2183=IFCAXIS2PLACEMENT3D(#2182,$,$);
#2184=IFCEXTRUDEDAREASOLID(#2181,#2183,#21,9.000);
#2185=IFCCARTESIANPOINT((134.125,-73.300,0.000));
#2186=IFCAXIS2PLACEMENT3D(#2185,$,$);
#2187=IFCLOCALPLACEMENT(#14,#2186);
#2188=IFCSHAPEREPRESENTATION(#6,'Body','SweptSolid',(#2184));
#2189=IFCPRODUCTDEFINITIONSHAPE($,$,(#2188));
#2190=IFCCOLUMN('0MeiI0Vr9mNQ7TgTCRy3tT',$,'Steel assembly A20-STL-0014',$,$,#2187,#2189,'A20-STL-0014',.COLUMN.);
#2191=IFCISHAPEPROFILEDEF(.AREA.,$,$,0.300,0.300,0.012,0.018,$,$,$);
#2192=IFCCARTESIANPOINT((0.000,0.000,0.000));
#2193=IFCAXIS2PLACEMENT3D(#2192,$,$);
#2194=IFCEXTRUDEDAREASOLID(#2191,#2193,#21,9.000);
#2195=IFCCARTESIANPOINT((185.300,-69.575,0.000));
#2196=IFCAXIS2PLACEMENT3D(#2195,$,$);
#2197=IFCLOCALPLACEMENT(#14,#2196);
#2198=IFCSHAPEREPRESENTATION(#6,'Body','SweptSolid',(#2194));
#2199=IFCPRODUCTDEFINITIONSHAPE($,$,(#2198));
#2200=IFCCOLUMN('1EfoqDkblTDN2vKxQhaMcZ',$,'Steel assembly A20-STL-0015',$,$,#2197,#2199,'A20-STL-0015',.COLUMN.);
#2201=IFCISHAPEPROFILEDEF(.AREA.,$,$,0.300,0.300,0.012,0.018,$,$,$);
#2202=IFCCARTESIANPOINT((0.000,0.000,0.000));
#2203=IFCAXIS2PLACEMENT3D(#2202,$,$);
#2204=IFCEXTRUDEDAREASOLID(#2201,#2203,#21,9.000);
#2205=IFCCARTESIANPOINT((115.725,-62.025,0.000));
#2206=IFCAXIS2PLACEMENT3D(#2205,$,$);
#2207=IFCLOCALPLACEMENT(#14,#2206);
#2208=IFCSHAPEREPRESENTATION(#6,'Body','SweptSolid',(#2204));
#2209=IFCPRODUCTDEFINITIONSHAPE($,$,(#2208));
#2210=IFCCOLUMN('1V2qMpXzxndsGw5SpSvN7G',$,'Steel assembly A20-STL-0016',$,$,#2207,#2209,'A20-STL-0016',.COLUMN.);
#2211=IFCISHAPEPROFILEDEF(.AREA.,$,$,0.300,0.300,0.012,0.018,$,$,$);
#2212=IFCCARTESIANPOINT((0.000,0.000,0.000));
#2213=IFCAXIS2PLACEMENT3D(#2212,$,$);
#2214=IFCEXTRUDEDAREASOLID(#2211,#2213,#21,9.000);
#2215=IFCCARTESIANPOINT((157.925,-26.675,0.000));
#2216=IFCAXIS2PLACEMENT3D(#2215,$,$);
#2217=IFCLOCALPLACEMENT(#14,#2216);
#2218=IFCSHAPEREPRESENTATION(#6,'Body','SweptSolid',(#2214));
#2219=IFCPRODUCTDEFINITIONSHAPE($,$,(#2218));
#2220=IFCCOLUMN('0a5Kk3wUwR4LWZBnLDcB2r',$,'Steel assembly A20-STL-0017',$,$,#2217,#2219,'A20-STL-0017',.COLUMN.);
#2221=IFCISHAPEPROFILEDEF(.AREA.,$,$,0.300,0.300,0.012,0.018,$,$,$);
#2222=IFCCARTESIANPOINT((0.000,0.000,0.000));
#2223=IFCAXIS2PLACEMENT3D(#2222,$,$);
#2224=IFCEXTRUDEDAREASOLID(#2221,#2223,#21,9.000);
#2225=IFCCARTESIANPOINT((144.425,-59.650,0.000));
#2226=IFCAXIS2PLACEMENT3D(#2225,$,$);
#2227=IFCLOCALPLACEMENT(#14,#2226);
#2228=IFCSHAPEREPRESENTATION(#6,'Body','SweptSolid',(#2224));
#2229=IFCPRODUCTDEFINITIONSHAPE($,$,(#2228));
#2230=IFCCOLUMN('36UQ_CHp3j8fJTVLkCpgkR',$,'Steel assembly A20-STL-0018',$,$,#2227,#2229,'A20-STL-0018',.COLUMN.);
#2231=IFCCIRCLEPROFILEDEF(.AREA.,$,$,1.100);
#2232=IFCCARTESIANPOINT((0.000,0.000,0.000));
#2233=IFCAXIS2PLACEMENT3D(#2232,$,$);
#2234=IFCEXTRUDEDAREASOLID(#2231,#2233,#21,5.000);
#2235=IFCCARTESIANPOINT((90.650,-38.100,0.000));
#2236=IFCAXIS2PLACEMENT3D(#2235,$,$);
#2237=IFCLOCALPLACEMENT(#14,#2236);
#2238=IFCSHAPEREPRESENTATION(#6,'Body','SweptSolid',(#2234));
#2239=IFCPRODUCTDEFINITIONSHAPE($,$,(#2238));
#2240=IFCTANK('27BQg1vQP41cc2LlZ1xSJo',$,'Equipment A20-EQ-0036',$,$,#2237,#2239,'A20-EQ-0036',.VESSEL.);
#2241=IFCCIRCLEPROFILEDEF(.AREA.,$,$,1.100);
#2242=IFCCARTESIANPOINT((0.000,0.000,0.000));
#2243=IFCAXIS2PLACEMENT3D(#2242,$,$);
#2244=IFCEXTRUDEDAREASOLID(#2241,#2243,#21,5.000);
#2245=IFCCARTESIANPOINT((115.625,-52.325,0.000));
#2246=IFCAXIS2PLACEMENT3D(#2245,$,$);
#2247=IFCLOCALPLACEMENT(#14,#2246);
#2248=IFCSHAPEREPRESENTATION(#6,'Body','SweptSolid',(#2244));
#2249=IFCPRODUCTDEFINITIONSHAPE($,$,(#2248));
#2250=IFCTANK('23Ru7G11op4aZAyRAXFqlY',$,'Equipment A20-EQ-0037',$,$,#2247,#2249,'A20-EQ-0037',.VESSEL.);
#2251=IFCCIRCLEPROFILEDEF(.AREA.,$,$,1.100);
#2252=IFCCARTESIANPOINT((0.000,0.000,0.000));
#2253=IFCAXIS2PLACEMENT3D(#2252,$,$);
#2254=IFCEXTRUDEDAREASOLID(#2251,#2253,#21,5.000);
#2255=IFCCARTESIANPOINT((122.475,-80.100,0.000));
#2256=IFCAXIS2PLACEMENT3D(#2255,$,$);
#2257=IFCLOCALPLACEMENT(#14,#2256);
#2258=IFCSHAPEREPRESENTATION(#6,'Body','SweptSolid',(#2254));
#2259=IFCPRODUCTDEFINITIONSHAPE($,$,(#2258));
#2260=IFCTANK('3iZ9lknBEH5EqRHHpgwXey',$,'Equipment A20-EQ-0038',$,$,#2257,#2259,'A20-EQ-0038',.VESSEL.);
#2261=IFCCIRCLEPROFILEDEF(.AREA.,$,$,1.100);
#2262=IFCCARTESIANPOINT((0.000,0.000,0.000));
#2263=IFCAXIS2PLACEMENT3D(#2262,$,$);
#2264=IFCEXTRUDEDAREASOLID(#2261,#2263,#21,5.000);
#2265=IFCCARTESIANPOINT((89.000,-52.300,0.000));
#2266=IFCAXIS2PLACEMENT3D(#2265,$,$);
#2267=IFCLOCALPLACEMENT(#14,#2266);
#2268=IFCSHAPEREPRESENTATION(#6,'Body','SweptSolid',(#2264));
#2269=IFCPRODUCTDEFINITIONSHAPE($,$,(#2268));
#2270=IFCTANK('0SKMf67TUbDZmD71uTNAw7',$,'Equipment A20-EQ-0039',$,$,#2267,#2269,'A20-EQ-0039',.VESSEL.);
#2271=IFCCIRCLEPROFILEDEF(.AREA.,$,$,1.100);
#2272=IFCCARTESIANPOINT((0.000,0.000,0.000));
#2273=IFCAXIS2PLACEMENT3D(#2272,$,$);
#2274=IFCEXTRUDEDAREASOLID(#2271,#2273,#21,5.000);
#2275=IFCCARTESIANPOINT((148.500,-64.975,0.000));
#2276=IFCAXIS2PLACEMENT3D(#2275,$,$);
#2277=IFCLOCALPLACEMENT(#14,#2276);
#2278=IFCSHAPEREPRESENTATION(#6,'Body','SweptSolid',(#2274));
#2279=IFCPRODUCTDEFINITIONSHAPE($,$,(#2278));
#2280=IFCTANK('3qNK7ZLBwu3PueMJ9oyf2X',$,'Equipment A20-EQ-0040',$,$,#2277,#2279,'A20-EQ-0040',.VESSEL.);
#2281=IFCCIRCLEPROFILEDEF(.AREA.,$,$,1.100);
#2282=IFCCARTESIANPOINT((0.000,0.000,0.000));
#2283=IFCAXIS2PLACEMENT3D(#2282,$,$);
#2284=IFCEXTRUDEDAREASOLID(#2281,#2283,#21,5.000);
#2285=IFCCARTESIANPOINT((152.200,-58.900,0.000));
#2286=IFCAXIS2PLACEMENT3D(#2285,$,$);
#2287=IFCLOCALPLACEMENT(#14,#2286);
#2288=IFCSHAPEREPRESENTATION(#6,'Body','SweptSolid',(#2284));
#2289=IFCPRODUCTDEFINITIONSHAPE($,$,(#2288));
#2290=IFCTANK('2vSsaizTo7dg9fb6hql1Wu',$,'Equipment A20-EQ-0041',$,$,#2287,#2289,'A20-EQ-0041',.VESSEL.);
#2291=IFCCIRCLEPROFILEDEF(.AREA.,$,$,1.100);
#2292=IFCCARTESIANPOINT((0.000,0.000,0.000));
#2293=IFCAXIS2PLACEMENT3D(#2292,$,$);
#2294=IFCEXTRUDEDAREASOLID(#2291,#2293,#21,5.000);
#2295=IFCCARTESIANPOINT((171.925,-75.650,0.000));
#2296=IFCAXIS2PLACEMENT3D(#2295,$,$);
#2297=IFCLOCALPLACEMENT(#14,#2296);
#2298=IFCSHAPEREPRESENTATION(#6,'Body','SweptSolid',(#2294));
#2299=IFCPRODUCTDEFINITIONSHAPE($,$,(#2298));
#2300=IFCTANK('0Yfcr5n7bUz6VsH8yoawQa',$,'Equipment A20-EQ-0042',$,$,#2297,#2299,'A20-EQ-0042',.VESSEL.);
#2301=IFCCIRCLEPROFILEDEF(.AREA.,$,$,1.100);
#2302=IFCCARTESIANPOINT((0.000,0.000,0.000));
#2303=IFCAXIS2PLACEMENT3D(#2302,$,$);
#2304=IFCEXTRUDEDAREASOLID(#2301,#2303,#21,5.000);
#2305=IFCCARTESIANPOINT((166.050,-43.575,0.000));
#2306=IFCAXIS2PLACEMENT3D(#2305,$,$);
#2307=IFCLOCALPLACEMENT(#14,#2306);
#2308=IFCSHAPEREPRESENTATION(#6,'Body','SweptSolid',(#2304));
#2309=IFCPRODUCTDEFINITIONSHAPE($,$,(#2308));
#2310=IFCTANK('2Qjxiwbb1otiydt8meLQTd',$,'Equipment A20-EQ-0043',$,$,#2307,#2309,'A20-EQ-0043',.VESSEL.);
#2311=IFCCIRCLEPROFILEDEF(.AREA.,$,$,1.100);
#2312=IFCCARTESIANPOINT((0.000,0.000,0.000));
#2313=IFCAXIS2PLACEMENT3D(#2312,$,$);
#2314=IFCEXTRUDEDAREASOLID(#2311,#2313,#21,5.000);
#2315=IFCCARTESIANPOINT((95.875,-39.000,0.000));
#2316=IFCAXIS2PLACEMENT3D(#2315,$,$);
#2317=IFCLOCALPLACEMENT(#14,#2316);
#2318=IFCSHAPEREPRESENTATION(#6,'Body','SweptSolid',(#2314));
#2319=IFCPRODUCTDEFINITIONSHAPE($,$,(#2318));
#2320=IFCTANK('1XCIHjUfcCr__2WvOSCmEB',$,'Equipment A20-EQ-0044',$,$,#2317,#2319,'A20-EQ-0044',.VESSEL.);
#2321=IFCCIRCLEPROFILEDEF(.AREA.,$,$,1.100);
#2322=IFCCARTESIANPOINT((0.000,0.000,0.000));
#2323=IFCAXIS2PLACEMENT3D(#2322,$,$);
#2324=IFCEXTRUDEDAREASOLID(#2321,#2323,#21,5.000);
#2325=IFCCARTESIANPOINT((93.475,-67.225,0.000));
#2326=IFCAXIS2PLACEMENT3D(#2325,$,$);
#2327=IFCLOCALPLACEMENT(#14,#2326);
#2328=IFCSHAPEREPRESENTATION(#6,'Body','SweptSolid',(#2324));
#2329=IFCPRODUCTDEFINITIONSHAPE($,$,(#2328));
#2330=IFCTANK('0hlU2O1I5t8lzeXXpWNFgC',$,'Equipment A20-EQ-0045',$,$,#2327,#2329,'A20-EQ-0045',.VESSEL.);
#2331=IFCCIRCLEPROFILEDEF(.AREA.,$,$,1.100);
#2332=IFCCARTESIANPOINT((0.000,0.000,0.000));
#2333=IFCAXIS2PLACEMENT3D(#2332,$,$);
#2334=IFCEXTRUDEDAREASOLID(#2331,#2333,#21,5.000);
#2335=IFCCARTESIANPOINT((126.425,-17.475,0.000));
#2336=IFCAXIS2PLACEMENT3D(#2335,$,$);
#2337=IFCLOCALPLACEMENT(#14,#2336);
#2338=IFCSHAPEREPRESENTATION(#6,'Body','SweptSolid',(#2334));
#2339=IFCPRODUCTDEFINITIONSHAPE($,$,(#2338));
#2340=IFCTANK('0k5Tdz$JhysNTIFqRJoUko',$,'Equipment A20-EQ-0046',$,$,#2337,#2339,'A20-EQ-0046',.VESSEL.);
#2341=IFCCIRCLEPROFILEDEF(.AREA.,$,$,1.100);
#2342=IFCCARTESIANPOINT((0.000,0.000,0.000));
#2343=IFCAXIS2PLACEMENT3D(#2342,$,$);
#2344=IFCEXTRUDEDAREASOLID(#2341,#2343,#21,5.000);
#2345=IFCCARTESIANPOINT((103.250,-65.750,0.000));
#2346=IFCAXIS2PLACEMENT3D(#2345,$,$);
#2347=IFCLOCALPLACEMENT(#14,#2346);
#2348=IFCSHAPEREPRESENTATION(#6,'Body','SweptSolid',(#2344));
#2349=IFCPRODUCTDEFINITIONSHAPE($,$,(#2348));
#2350=IFCTANK('3vefQPrIVGQmf$wBGQ3_sn',$,'Equipment A20-EQ-0047',$,$,#2347,#2349,'A20-EQ-0047',.VESSEL.);
#2351=IFCCIRCLEPROFILEDEF(.AREA.,$,$,1.100);
#2352=IFCCARTESIANPOINT((0.000,0.000,0.000));
#2353=IFCAXIS2PLACEMENT3D(#2352,$,$);
#2354=IFCEXTRUDEDAREASOLID(#2351,#2353,#21,5.000);
#2355=IFCCARTESIANPOINT((99.400,-75.700,0.000));
#2356=IFCAXIS2PLACEMENT3D(#2355,$,$);
#2357=IFCLOCALPLACEMENT(#14,#2356);
#2358=IFCSHAPEREPRESENTATION(#6,'Body','SweptSolid',(#2354));
#2359=IFCPRODUCTDEFINITIONSHAPE($,$,(#2358));
#2360=IFCTANK('2wCcgb0b9IZAq099OI6teh',$,'Equipment A20-EQ-0048',$,$,#2357,#2359,'A20-EQ-0048',.VESSEL.);
#2361=IFCCIRCLEPROFILEDEF(.AREA.,$,$,1.100);
#2362=IFCCARTESIANPOINT((0.000,0.000,0.000));
#2363=IFCAXIS2PLACEMENT3D(#2362,$,$);
#2364=IFCEXTRUDEDAREASOLID(#2361,#2363,#21,5.000);
#2365=IFCCARTESIANPOINT((124.425,-14.025,0.000));
#2366=IFCAXIS2PLACEMENT3D(#2365,$,$);
#2367=IFCLOCALPLACEMENT(#14,#2366);
#2368=IFCSHAPEREPRESENTATION(#6,'Body','SweptSolid',(#2364));
#2369=IFCPRODUCTDEFINITIONSHAPE($,$,(#2368));
#2370=IFCTANK('14SIhKqBE5Perb7FLSiWm0',$,'Equipment A20-EQ-0049',$,$,#2367,#2369,'A20-EQ-0049',.VESSEL.);
#2371=IFCCIRCLEPROFILEDEF(.AREA.,$,$,1.100);
#2372=IFCCARTESIANPOINT((0.000,0.000,0.000));
#2373=IFCAXIS2PLACEMENT3D(#2372,$,$);
#2374=IFCEXTRUDEDAREASOLID(#2371,#2373,#21,5.000);
#2375=IFCCARTESIANPOINT((169.975,-56.100,0.000));
#2376=IFCAXIS2PLACEMENT3D(#2375,$,$);
#2377=IFCLOCALPLACEMENT(#14,#2376);
#2378=IFCSHAPEREPRESENTATION(#6,'Body','SweptSolid',(#2374));
#2379=IFCPRODUCTDEFINITIONSHAPE($,$,(#2378));
#2380=IFCTANK('1juZFjE8vdVN0qDyJeXBZr',$,'Equipment A20-EQ-0050',$,$,#2377,#2379,'A20-EQ-0050',.VESSEL.);
#2381=IFCCIRCLEPROFILEDEF(.AREA.,$,$,1.100);
#2382=IFCCARTESIANPOINT((0.000,0.000,0.000));
#2383=IFCAXIS2PLACEMENT3D(#2382,$,$);
#2384=IFCEXTRUDEDAREASOLID(#2381,#2383,#21,5.000);
#2385=IFCCARTESIANPOINT((97.950,-69.425,0.000));
#2386=IFCAXIS2PLACEMENT3D(#2385,$,$);
#2387=IFCLOCALPLACEMENT(#14,#2386);
#2388=IFCSHAPEREPRESENTATION(#6,'Body','SweptSolid',(#2384));
#2389=IFCPRODUCTDEFINITIONSHAPE($,$,(#2388));
#2390=IFCTANK('0Bxf1gXi$N7LTrnJeWPwXM',$,'Equipment A20-EQ-0051',$,$,#2387,#2389,'A20-EQ-0051',.VESSEL.);
#2391=IFCCIRCLEPROFILEDEF(.AREA.,$,$,1.100);
#2392=IFCCARTESIANPOINT((0.000,0.000,0.000));
#2393=IFCAXIS2PLACEMENT3D(#2392,$,$);
#2394=IFCEXTRUDEDAREASOLID(#2391,#2393,#21,5.000);
#2395=IFCCARTESIANPOINT((162.375,-29.300,0.000));
#2396=IFCAXIS2PLACEMENT3D(#2395,$,$);
#2397=IFCLOCALPLACEMENT(#14,#2396);
#2398=IFCSHAPEREPRESENTATION(#6,'Body','SweptSolid',(#2394));
#2399=IFCPRODUCTDEFINITIONSHAPE($,$,(#2398));
#2400=IFCTANK('3$Rlaw6AC8TfGyl3xllzUS',$,'Equipment A20-EQ-0052',$,$,#2397,#2399,'A20-EQ-0052',.VESSEL.);
#2401=IFCCIRCLEPROFILEDEF(.AREA.,$,$,1.100);
#2402=IFCCARTESIANPOINT((0.000,0.000,0.000));
#2403=IFCAXIS2PLACEMENT3D(#2402,$,$);
#2404=IFCEXTRUDEDAREASOLID(#2401,#2403,#21,5.000);
#2405=IFCCARTESIANPOINT((154.550,-30.600,0.000));
#2406=IFCAXIS2PLACEMENT3D(#2405,$,$);
#2407=IFCLOCALPLACEMENT(#14,#2406);
#2408=IFCSHAPEREPRESENTATION(#6,'Body','SweptSolid',(#2404));
#2409=IFCPRODUCTDEFINITIONSHAPE($,$,(#2408));
#2410=IFCTANK('15Yn5rCYfRIF2Yw6n5hKWF',$,'Equipment A20-EQ-0053',$,$,#2407,#2409,'A20-EQ-0053',.VESSEL.);
#2411=IFCCIRCLEHOLLOWPROFILEDEF(.AREA.,$,$,0.200,0.012);
#2412=IFCCARTESIANPOINT((0.000,0.000,0.000));
#2413=IFCAXIS2PLACEMENT3D(#2412,#421,#422);
#2414=IFCEXTRUDEDAREASOLID(#2411,#2413,#21,5.000);
#2415=IFCCARTESIANPOINT((95.875,-24.625,6.400));
#2416=IFCAXIS2PLACEMENT3D(#2415,$,$);
#2417=IFCLOCALPLACEMENT(#14,#2416);
#2418=IFCSHAPEREPRESENTATION(#6,'Body','SweptSolid',(#2414));
#2419=IFCPRODUCTDEFINITIONSHAPE($,$,(#2418));
#2420=IFCPIPESEGMENT('22umQzyLiPKU8UgroJ1qNt',$,'Spool A20-SP-0023',$,$,#2417,#2419,'A20-SP-0023',.RIGIDSEGMENT.);
#2421=IFCCIRCLEHOLLOWPROFILEDEF(.AREA.,$,$,0.200,0.012);
#2422=IFCCARTESIANPOINT((0.000,0.000,0.000));
#2423=IFCAXIS2PLACEMENT3D(#2422,#421,#422);
#2424=IFCEXTRUDEDAREASOLID(#2421,#2423,#21,5.000);
#2425=IFCCARTESIANPOINT((152.800,-72.825,6.400));
#2426=IFCAXIS2PLACEMENT3D(#2425,$,$);
#2427=IFCLOCALPLACEMENT(#14,#2426);
#2428=IFCSHAPEREPRESENTATION(#6,'Body','SweptSolid',(#2424));
#2429=IFCPRODUCTDEFINITIONSHAPE($,$,(#2428));
#2430=IFCPIPESEGMENT('1R6z2$jm0bXYJ$hzbcNhSg',$,'Spool A20-SP-0024',$,$,#2427,#2429,'A20-SP-0024',.RIGIDSEGMENT.);
#2431=IFCCIRCLEHOLLOWPROFILEDEF(.AREA.,$,$,0.200,0.012);
#2432=IFCCARTESIANPOINT((0.000,0.000,0.000));
#2433=IFCAXIS2PLACEMENT3D(#2432,#421,#422);
#2434=IFCEXTRUDEDAREASOLID(#2431,#2433,#21,5.000);
#2435=IFCCARTESIANPOINT((98.375,-74.575,6.400));
#2436=IFCAXIS2PLACEMENT3D(#2435,$,$);
#2437=IFCLOCALPLACEMENT(#14,#2436);
#2438=IFCSHAPEREPRESENTATION(#6,'Body','SweptSolid',(#2434));
#2439=IFCPRODUCTDEFINITIONSHAPE($,$,(#2438));
#2440=IFCPIPESEGMENT('10GvvNa5ua$XvgRIb4e1HM',$,'Spool A20-SP-0025',$,$,#2437,#2439,'A20-SP-0025',.RIGIDSEGMENT.);
#2441=IFCCIRCLEHOLLOWPROFILEDEF(.AREA.,$,$,0.200,0.012);
#2442=IFCCARTESIANPOINT((0.000,0.000,0.000));
#2443=IFCAXIS2PLACEMENT3D(#2442,#421,#422);
#2444=IFCEXTRUDEDAREASOLID(#2441,#2443,#21,5.000);
#2445=IFCCARTESIANPOINT((162.375,-27.200,6.400));
#2446=IFCAXIS2PLACEMENT3D(#2445,$,$);
#2447=IFCLOCALPLACEMENT(#14,#2446);
#2448=IFCSHAPEREPRESENTATION(#6,'Body','SweptSolid',(#2444));
#2449=IFCPRODUCTDEFINITIONSHAPE($,$,(#2448));
#2450=IFCPIPESEGMENT('3krpJYYyER8RBfJbOHzKF6',$,'Spool A20-SP-0026',$,$,#2447,#2449,'A20-SP-0026',.RIGIDSEGMENT.);
#2451=IFCCIRCLEHOLLOWPROFILEDEF(.AREA.,$,$,0.200,0.012);
#2452=IFCCARTESIANPOINT((0.000,0.000,0.000));
#2453=IFCAXIS2PLACEMENT3D(#2452,#421,#422);
#2454=IFCEXTRUDEDAREASOLID(#2451,#2453,#21,5.000);
#2455=IFCCARTESIANPOINT((168.975,-33.225,6.400));
#2456=IFCAXIS2PLACEMENT3D(#2455,$,$);
#2457=IFCLOCALPLACEMENT(#14,#2456);
#2458=IFCSHAPEREPRESENTATION(#6,'Body','SweptSolid',(#2454));
#2459=IFCPRODUCTDEFINITIONSHAPE($,$,(#2458));
#2460=IFCPIPESEGMENT('1$7gUuDzLiouYzNvmW0Vjo',$,'Spool A20-SP-0027',$,$,#2457,#2459,'A20-SP-0027',.RIGIDSEGMENT.);
#2461=IFCCIRCLEHOLLOWPROFILEDEF(.AREA.,$,$,0.200,0.012);
#2462=IFCCARTESIANPOINT((0.000,0.000,0.000));
#2463=IFCAXIS2PLACEMENT3D(#2462,#421,#422);
#2464=IFCEXTRUDEDAREASOLID(#2461,#2463,#21,5.000);
#2465=IFCCARTESIANPOINT((165.150,-65.825,6.400));
#2466=IFCAXIS2PLACEMENT3D(#2465,$,$);
#2467=IFCLOCALPLACEMENT(#14,#2466);
#2468=IFCSHAPEREPRESENTATION(#6,'Body','SweptSolid',(#2464));
#2469=IFCPRODUCTDEFINITIONSHAPE($,$,(#2468));
#2470=IFCPIPESEGMENT('2yRkwF$A0PaYtGdqBIWXdl',$,'Spool A20-SP-0028',$,$,#2467,#2469,'A20-SP-0028',.RIGIDSEGMENT.);
#2471=IFCCIRCLEHOLLOWPROFILEDEF(.AREA.,$,$,0.200,0.012);
#2472=IFCCARTESIANPOINT((0.000,0.000,0.000));
#2473=IFCAXIS2PLACEMENT3D(#2472,#421,#422);
#2474=IFCEXTRUDEDAREASOLID(#2471,#2473,#21,5.000);
#2475=IFCCARTESIANPOINT((155.450,-16.700,6.400));
#2476=IFCAXIS2PLACEMENT3D(#2475,$,$);
#2477=IFCLOCALPLACEMENT(#14,#2476);
#2478=IFCSHAPEREPRESENTATION(#6,'Body','SweptSolid',(#2474));
#2479=IFCPRODUCTDEFINITIONSHAPE($,$,(#2478));
#2480=IFCPIPESEGMENT('2E4Dbe6qbWlLw2Eey6ORiM',$,'Spool A20-SP-0029',$,$,#2477,#2479,'A20-SP-0029',.RIGIDSEGMENT.);
#2481=IFCCIRCLEHOLLOWPROFILEDEF(.AREA.,$,$,0.200,0.012);
#2482=IFCCARTESIANPOINT((0.000,0.000,0.000));
#2483=IFCAXIS2PLACEMENT3D(#2482,#421,#422);
#2484=IFCEXTRUDEDAREASOLID(#2481,#2483,#21,5.000);
#2485=IFCCARTESIANPOINT((113.325,-61.000,6.400));
#2486=IFCAXIS2PLACEMENT3D(#2485,$,$);
#2487=IFCLOCALPLACEMENT(#14,#2486);
#2488=IFCSHAPEREPRESENTATION(#6,'Body','SweptSolid',(#2484));
#2489=IFCPRODUCTDEFINITIONSHAPE($,$,(#2488));
#2490=IFCPIPESEGMENT('0LjQ3wiO2d9Fm$_bSSCi24',$,'Spool A20-SP-0030',$,$,#2487,#2489,'A20-SP-0030',.RIGIDSEGMENT.);
#2491=IFCCIRCLEHOLLOWPROFILEDEF(.AREA.,$,$,0.200,0.012);
#2492=IFCCARTESIANPOINT((0.000,0.000,0.000));
#2493=IFCAXIS2PLACEMENT3D(#2492,#421,#422);
#2494=IFCEXTRUDEDAREASOLID(#2491,#2493,#21,5.000);
#2495=IFCCARTESIANPOINT((166.650,-32.475,6.400));
#2496=IFCAXIS2PLACEMENT3D(#2495,$,$);
#2497=IFCLOCALPLACEMENT(#14,#2496);
#2498=IFCSHAPEREPRESENTATION(#6,'Body','SweptSolid',(#2494));
#2499=IFCPRODUCTDEFINITIONSHAPE($,$,(#2498));
#2500=IFCPIPESEGMENT('2nmWOq_PmhhfqtQHPHQbMj',$,'Spool A20-SP-0031',$,$,#2497,#2499,'A20-SP-0031',.RIGIDSEGMENT.);
#2501=IFCRECTANGLEPROFILEDEF(.AREA.,$,$,0.600,0.150);
#2502=IFCCARTESIANPOINT((0.000,0.000,0.000));
#2503=IFCAXIS2PLACEMENT3D(#2502,#421,#422);
#2504=IFCEXTRUDEDAREASOLID(#2501,#2503,#21,4.000);
#2505=IFCCARTESIANPOINT((133.600,-46.175,9.200));
#2506=IFCAXIS2PLACEMENT3D(#2505,$,$);
#2507=IFCLOCALPLACEMENT(#14,#2506);
#2508=IFCSHAPEREPRESENTATION(#6,'Body','SweptSolid',(#2504));
#2509=IFCPRODUCTDEFINITIONSHAPE($,$,(#2508));
#2510=IFCCABLECARRIERSEGMENT('2fgjzWILdQTYuF0VcM$QFf',$,'Cable A20-CBL-0011',$,$,#2507,#2509,'A20-CBL-0011',.CABLETRAYSEGMENT.);
#2511=IFCRECTANGLEPROFILEDEF(.AREA.,$,$,0.600,0.150);
#2512=IFCCARTESIANPOINT((0.000,0.000,0.000));
#2513=IFCAXIS2PLACEMENT3D(#2512,#421,#422);
#2514=IFCEXTRUDEDAREASOLID(#2511,#2513,#21,4.000);
#2515=IFCCARTESIANPOINT((115.325,-62.125,9.200));
#2516=IFCAXIS2PLACEMENT3D(#2515,$,$);
#2517=IFCLOCALPLACEMENT(#14,#2516);
#2518=IFCSHAPEREPRESENTATION(#6,'Body','SweptSolid',(#2514));
#2519=IFCPRODUCTDEFINITIONSHAPE($,$,(#2518));
#2520=IFCCABLECARRIERSEGMENT('3XW2jY6yrHmnAbVoRaTwMp',$,'Cable A20-CBL-0012',$,$,#2517,#2519,'A20-CBL-0012',.CABLETRAYSEGMENT.);
#2521=IFCRECTANGLEPROFILEDEF(.AREA.,$,$,0.600,0.150);
#2522=IFCCARTESIANPOINT((0.000,0.000,0.000));
#2523=IFCAXIS2PLACEMENT3D(#2522,#421,#422);
#2524=IFCEXTRUDEDAREASOLID(#2521,#2523,#21,4.000);
#2525=IFCCARTESIANPOINT((126.750,-25.075,9.200));
#2526=IFCAXIS2PLACEMENT3D(#2525,$,$);
#2527=IFCLOCALPLACEMENT(#14,#2526);
#2528=IFCSHAPEREPRESENTATION(#6,'Body','SweptSolid',(#2524));
#2529=IFCPRODUCTDEFINITIONSHAPE($,$,(#2528));
#2530=IFCCABLECARRIERSEGMENT('3v0UoW5AlwjMa2vglVhZ3n',$,'Cable A20-CBL-0013',$,$,#2527,#2529,'A20-CBL-0013',.CABLETRAYSEGMENT.);
#2531=IFCRECTANGLEPROFILEDEF(.AREA.,$,$,0.600,0.150);
#2532=IFCCARTESIANPOINT((0.000,0.000,0.000));
#2533=IFCAXIS2PLACEMENT3D(#2532,#421,#422);
#2534=IFCEXTRUDEDAREASOLID(#2531,#2533,#21,4.000);
#2535=IFCCARTESIANPOINT((96.150,-34.675,9.200));
#2536=IFCAXIS2PLACEMENT3D(#2535,$,$);
#2537=IFCLOCALPLACEMENT(#14,#2536);
#2538=IFCSHAPEREPRESENTATION(#6,'Body','SweptSolid',(#2534));
#2539=IFCPRODUCTDEFINITIONSHAPE($,$,(#2538));
#2540=IFCCABLECARRIERSEGMENT('0pKG$CaseFaEQV_7Cu8T4I',$,'Cable A20-CBL-0014',$,$,#2537,#2539,'A20-CBL-0014',.CABLETRAYSEGMENT.);
#2541=IFCRECTANGLEPROFILEDEF(.AREA.,$,$,0.600,0.150);
#2542=IFCCARTESIANPOINT((0.000,0.000,0.000));
#2543=IFCAXIS2PLACEMENT3D(#2542,#421,#422);
#2544=IFCEXTRUDEDAREASOLID(#2541,#2543,#21,4.000);
#2545=IFCCARTESIANPOINT((111.475,-65.000,9.200));
#2546=IFCAXIS2PLACEMENT3D(#2545,$,$);
#2547=IFCLOCALPLACEMENT(#14,#2546);
#2548=IFCSHAPEREPRESENTATION(#6,'Body','SweptSolid',(#2544));
#2549=IFCPRODUCTDEFINITIONSHAPE($,$,(#2548));
#2550=IFCCABLECARRIERSEGMENT('1KGF$99EPGYt5MN1lu8nNb',$,'Cable A20-CBL-0015',$,$,#2547,#2549,'A20-CBL-0015',.CABLETRAYSEGMENT.);
#2551=IFCRECTANGLEPROFILEDEF(.AREA.,$,$,0.600,0.150);
#2552=IFCCARTESIANPOINT((0.000,0.000,0.000));
#2553=IFCAXIS2PLACEMENT3D(#2552,#421,#422);
#2554=IFCEXTRUDEDAREASOLID(#2551,#2553,#21,4.000);
#2555=IFCCARTESIANPOINT((131.450,-49.750,9.200));
#2556=IFCAXIS2PLACEMENT3D(#2555,$,$);
#2557=IFCLOCALPLACEMENT(#14,#2556);
#2558=IFCSHAPEREPRESENTATION(#6,'Body','SweptSolid',(#2554));
#2559=IFCPRODUCTDEFINITIONSHAPE($,$,(#2558));
#2560=IFCCABLECARRIERSEGMENT('22qayEG9BTYjlMG8zrjjL8',$,'Cable A20-CBL-0016',$,$,#2557,#2559,'A20-CBL-0016',.CABLETRAYSEGMENT.);
#2561=IFCRECTANGLEPROFILEDEF(.AREA.,$,$,0.400,0.400);
#2562=IFCCARTESIANPOINT((0.000,0.000,0.000));
#2563=IFCAXIS2PLACEMENT3D(#2562,$,$);
#2564=IFCEXTRUDEDAREASOLID(#2561,#2563,#21,0.600);
#2565=IFCCARTESIANPOINT((162.950,-42.900,1.100));
#2566=IFCAXIS2PLACEMENT3D(#2565,$,$);
#2567=IFCLOCALPLACEMENT(#14,#2566);
#2568=IFCSHAPEREPRESENTATION(#6,'Body','SweptSolid',(#2564));
#2569=IFCPRODUCTDEFINITIONSHAPE($,$,(#2568));
#2570=IFCBUILDINGELEMENTPROXY('1OFIf9a6GoxK6lBbzvWTcO',$,'Instrument A20-INS-0060',$,$,#2567,#2569,'A20-INS-0060',$);
#2571=IFCRECTANGLEPROFILEDEF(.AREA.,$,$,0.400,0.400);
#2572=IFCCARTESIANPOINT((0.000,0.000,0.000));
#2573=IFCAXIS2PLACEMENT3D(#2572,$,$);
#2574=IFCEXTRUDEDAREASOLID(#2571,#2573,#21,0.600);
#2575=IFCCARTESIANPOINT((161.800,-26.725,1.100));
#2576=IFCAXIS2PLACEMENT3D(#2575,$,$);
#2577=IFCLOCALPLACEMENT(#14,#2576);
#2578=IFCSHAPEREPRESENTATION(#6,'Body','SweptSolid',(#2574));
#2579=IFCPRODUCTDEFINITIONSHAPE($,$,(#2578));
#2580=IFCBUILDINGELEMENTPROXY('34xPI0Fb2etuf4XHCMZUTk',$,'Instrument A20-INS-0061',$,$,#2577,#2579,'A20-INS-0061',$);
#2581=IFCRECTANGLEPROFILEDEF(.AREA.,$,$,0.400,0.400);
#2582=IFCCARTESIANPOINT((0.000,0.000,0.000));
#2583=IFCAXIS2PLACEMENT3D(#2582,$,$);
#2584=IFCEXTRUDEDAREASOLID(#2581,#2583,#21,0.600);
#2585=IFCCARTESIANPOINT((137.300,-36.900,1.100));
#2586=IFCAXIS2PLACEMENT3D(#2585,$,$);
#2587=IFCLOCALPLACEMENT(#14,#2586);
#2588=IFCSHAPEREPRESENTATION(#6,'Body','SweptSolid',(#2584));
#2589=IFCPRODUCTDEFINITIONSHAPE($,$,(#2588));
#2590=IFCBUILDINGELEMENTPROXY('3WRF1SBtleUEPtBHLHK2W1',$,'Instrument A20-INS-0062',$,$,#2587,#2589,'A20-INS-0062',$);
#2591=IFCRECTANGLEPROFILEDEF(.AREA.,$,$,0.400,0.400);
#2592=IFCCARTESIANPOINT((0.000,0.000,0.000));
#2593=IFCAXIS2PLACEMENT3D(#2592,$,$);
#2594=IFCEXTRUDEDAREASOLID(#2591,#2593,#21,0.600);
#2595=IFCCARTESIANPOINT((107.300,-42.475,1.100));
#2596=IFCAXIS2PLACEMENT3D(#2595,$,$);
#2597=IFCLOCALPLACEMENT(#14,#2596);
#2598=IFCSHAPEREPRESENTATION(#6,'Body','SweptSolid',(#2594));
#2599=IFCPRODUCTDEFINITIONSHAPE($,$,(#2598));
#2600=IFCBUILDINGELEMENTPROXY('2Auuz6jJJL$iYOx2UPpDK2',$,'Instrument A20-INS-0063',$,$,#2597,#2599,'A20-INS-0063',$);
#2601=IFCRECTANGLEPROFILEDEF(.AREA.,$,$,0.400,0.400);
#2602=IFCCARTESIANPOINT((0.000,0.000,0.000));
#2603=IFCAXIS2PLACEMENT3D(#2602,$,$);
#2604=IFCEXTRUDEDAREASOLID(#2601,#2603,#21,0.600);
#2605=IFCCARTESIANPOINT((144.450,-28.875,1.100));
#2606=IFCAXIS2PLACEMENT3D(#2605,$,$);
#2607=IFCLOCALPLACEMENT(#14,#2606);
#2608=IFCSHAPEREPRESENTATION(#6,'Body','SweptSolid',(#2604));
#2609=IFCPRODUCTDEFINITIONSHAPE($,$,(#2608));
#2610=IFCBUILDINGELEMENTPROXY('0uVlGERT2QpB_qzie31vPE',$,'Instrument A20-INS-0064',$,$,#2607,#2609,'A20-INS-0064',$);
#2611=IFCRECTANGLEPROFILEDEF(.AREA.,$,$,0.400,0.400);
#2612=IFCCARTESIANPOINT((0.000,0.000,0.000));
#2613=IFCAXIS2PLACEMENT3D(#2612,$,$);
#2614=IFCEXTRUDEDAREASOLID(#2611,#2613,#21,0.600);
#2615=IFCCARTESIANPOINT((157.375,-76.925,1.100));
#2616=IFCAXIS2PLACEMENT3D(#2615,$,$);
#2617=IFCLOCALPLACEMENT(#14,#2616);
#2618=IFCSHAPEREPRESENTATION(#6,'Body','SweptSolid',(#2614));
#2619=IFCPRODUCTDEFINITIONSHAPE($,$,(#2618));
#2620=IFCBUILDINGELEMENTPROXY('2QujzBlEkvV7QjYcJVR3Ek',$,'Instrument A20-INS-0065',$,$,#2617,#2619,'A20-INS-0065',$);
#2621=IFCRECTANGLEPROFILEDEF(.AREA.,$,$,0.400,0.400);
#2622=IFCCARTESIANPOINT((0.000,0.000,0.000));
#2623=IFCAXIS2PLACEMENT3D(#2622,$,$);
#2624=IFCEXTRUDEDAREASOLID(#2621,#2623,#21,0.600);
#2625=IFCCARTESIANPOINT((180.950,-61.025,1.100));
#2626=IFCAXIS2PLACEMENT3D(#2625,$,$);
#2627=IFCLOCALPLACEMENT(#14,#2626);
#2628=IFCSHAPEREPRESENTATION(#6,'Body','SweptSolid',(#2624));
#2629=IFCPRODUCTDEFINITIONSHAPE($,$,(#2628));
#2630=IFCBUILDINGELEMENTPROXY('25_c00YGAXBHNV7_HzqR0Y',$,'Instrument A20-INS-0066',$,$,#2627,#2629,'A20-INS-0066',$);
#2631=IFCRECTANGLEPROFILEDEF(.AREA.,$,$,0.400,0.400);
#2632=IFCCARTESIANPOINT((0.000,0.000,0.000));
#2633=IFCAXIS2PLACEMENT3D(#2632,$,$);
#2634=IFCEXTRUDEDAREASOLID(#2631,#2633,#21,0.600);
#2635=IFCCARTESIANPOINT((114.525,-15.675,1.100));
#2636=IFCAXIS2PLACEMENT3D(#2635,$,$);
#2637=IFCLOCALPLACEMENT(#14,#2636);
#2638=IFCSHAPEREPRESENTATION(#6,'Body','SweptSolid',(#2634));
#2639=IFCPRODUCTDEFINITIONSHAPE($,$,(#2638));
#2640=IFCBUILDINGELEMENTPROXY('1bE59J8WlItuBzMsfWCgm8',$,'Instrument A20-INS-0067',$,$,#2637,#2639,'A20-INS-0067',$);
#2641=IFCRECTANGLEPROFILEDEF(.AREA.,$,$,0.400,0.400);
#2642=IFCCARTESIANPOINT((0.000,0.000,0.000));
#2643=IFCAXIS2PLACEMENT3D(#2642,$,$);
#2644=IFCEXTRUDEDAREASOLID(#2641,#2643,#21,0.600);
#2645=IFCCARTESIANPOINT((98.700,-66.650,1.100));
#2646=IFCAXIS2PLACEMENT3D(#2645,$,$);
#2647=IFCLOCALPLACEMENT(#14,#2646);
#2648=IFCSHAPEREPRESENTATION(#6,'Body','SweptSolid',(#2644));
#2649=IFCPRODUCTDEFINITIONSHAPE($,$,(#2648));
#2650=IFCBUILDINGELEMENTPROXY('2yVeduEMq9$rd70dONMS$T',$,'Instrument A20-INS-0068',$,$,#2647,#2649,'A20-INS-0068',$);
#2651=IFCRECTANGLEPROFILEDEF(.AREA.,$,$,0.400,0.400);
#2652=IFCCARTESIANPOINT((0.000,0.000,0.000));
#2653=IFCAXIS2PLACEMENT3D(#2652,$,$);
#2654=IFCEXTRUDEDAREASOLID(#2651,#2653,#21,0.600);
#2655=IFCCARTESIANPOINT((89.525,-71.825,1.100));
#2656=IFCAXIS2PLACEMENT3D(#2655,$,$);
#2657=IFCLOCALPLACEMENT(#14,#2656);
#2658=IFCSHAPEREPRESENTATION(#6,'Body','SweptSolid',(#2654));
#2659=IFCPRODUCTDEFINITIONSHAPE($,$,(#2658));
#2660=IFCBUILDINGELEMENTPROXY('0zJTZ_U2Jt3qPlNFx03n4A',$,'Instrument A20-INS-0069',$,$,#2657,#2659,'A20-INS-0069',$);
#2661=IFCRECTANGLEPROFILEDEF(.AREA.,$,$,0.400,0.400);
#2662=IFCCARTESIANPOINT((0.000,0.000,0.000));
#2663=IFCAXIS2PLACEMENT3D(#2662,$,$);
#2664=IFCEXTRUDEDAREASOLID(#2661,#2663,#21,0.600);
#2665=IFCCARTESIANPOINT((144.025,-57.675,1.100));
#2666=IFCAXIS2PLACEMENT3D(#2665,$,$);
#2667=IFCLOCALPLACEMENT(#14,#2666);
#2668=IFCSHAPEREPRESENTATION(#6,'Body','SweptSolid',(#2664));
#2669=IFCPRODUCTDEFINITIONSHAPE($,$,(#2668));
#2670=IFCBUILDINGELEMENTPROXY('2WzWg6E_JHnfgOjCLFsAFp',$,'Instrument A20-INS-0070',$,$,#2667,#2669,'A20-INS-0070',$);
#2671=IFCRECTANGLEPROFILEDEF(.AREA.,$,$,0.400,0.400);
#2672=IFCCARTESIANPOINT((0.000,0.000,0.000));
#2673=IFCAXIS2PLACEMENT3D(#2672,$,$);
#2674=IFCEXTRUDEDAREASOLID(#2671,#2673,#21,0.600);
#2675=IFCCARTESIANPOINT((168.450,-16.725,1.100));
#2676=IFCAXIS2PLACEMENT3D(#2675,$,$);
#2677=IFCLOCALPLACEMENT(#14,#2676);
#2678=IFCSHAPEREPRESENTATION(#6,'Body','SweptSolid',(#2674));
#2679=IFCPRODUCTDEFINITIONSHAPE($,$,(#2678));
#2680=IFCBUILDINGELEMENTPROXY('2siMWIPe1wjlAIF$6HkzNS',$,'Instrument A20-INS-0071',$,$,#2677,#2679,'A20-INS-0071',$);
#2681=IFCRECTANGLEPROFILEDEF(.AREA.,$,$,0.400,0.400);
#2682=IFCCARTESIANPOINT((0.000,0.000,0.000));
#2683=IFCAXIS2PLACEMENT3D(#2682,$,$);
#2684=IFCEXTRUDEDAREASOLID(#2681,#2683,#21,0.600);
#2685=IFCCARTESIANPOINT((113.175,-54.225,1.100));
#2686=IFCAXIS2PLACEMENT3D(#2685,$,$);
#2687=IFCLOCALPLACEMENT(#14,#2686);
#2688=IFCSHAPEREPRESENTATION(#6,'Body','SweptSolid',(#2684));
#2689=IFCPRODUCTDEFINITIONSHAPE($,$,(#2688));
#2690=IFCBUILDINGELEMENTPROXY('3cI$HH0c319BjwZ5gim9sK',$,'Instrument A20-INS-0072',$,$,#2687,#2689,'A20-INS-0072',$);
#2691=IFCRECTANGLEPROFILEDEF(.AREA.,$,$,0.400,0.400);
#2692=IFCCARTESIANPOINT((0.000,0.000,0.000));
#2693=IFCAXIS2PLACEMENT3D(#2692,$,$);
#2694=IFCEXTRUDEDAREASOLID(#2691,#2693,#21,0.600);
#2695=IFCCARTESIANPOINT((149.125,-33.175,1.100));
#2696=IFCAXIS2PLACEMENT3D(#2695,$,$);
#2697=IFCLOCALPLACEMENT(#14,#2696);
#2698=IFCSHAPEREPRESENTATION(#6,'Body','SweptSolid',(#2694));
#2699=IFCPRODUCTDEFINITIONSHAPE($,$,(#2698));
#2700=IFCBUILDINGELEMENTPROXY('17KCOHfviKvqfMVhNbh3Ms',$,'Instrument A20-INS-0073',$,$,#2697,#2699,'A20-INS-0073',$);
#2701=IFCRECTANGLEPROFILEDEF(.AREA.,$,$,0.400,0.400);
#2702=IFCCARTESIANPOINT((0.000,0.000,0.000));
#2703=IFCAXIS2PLACEMENT3D(#2702,$,$);
#2704=IFCEXTRUDEDAREASOLID(#2701,#2703,#21,0.600);
#2705=IFCCARTESIANPOINT((153.300,-47.800,1.100));
#2706=IFCAXIS2PLACEMENT3D(#2705,$,$);
#2707=IFCLOCALPLACEMENT(#14,#2706);
#2708=IFCSHAPEREPRESENTATION(#6,'Body','SweptSolid',(#2704));
#2709=IFCPRODUCTDEFINITIONSHAPE($,$,(#2708));
#2710=IFCBUILDINGELEMENTPROXY('0xN8FQny9QB4HxzOFfvzqf',$,'Instrument A20-INS-0074',$,$,#2707,#2709,'A20-INS-0074',$);
#2711=IFCRECTANGLEPROFILEDEF(.AREA.,$,$,0.400,0.400);
#2712=IFCCARTESIANPOINT((0.000,0.000,0.000));
#2713=IFCAXIS2PLACEMENT3D(#2712,$,$);
#2714=IFCEXTRUDEDAREASOLID(#2711,#2713,#21,0.600);
#2715=IFCCARTESIANPOINT((89.525,-18.925,1.100));
#2716=IFCAXIS2PLACEMENT3D(#2715,$,$);
#2717=IFCLOCALPLACEMENT(#14,#2716);
#2718=IFCSHAPEREPRESENTATION(#6,'Body','SweptSolid',(#2714));
#2719=IFCPRODUCTDEFINITIONSHAPE($,$,(#2718));
#2720=IFCBUILDINGELEMENTPROXY('1ExxIvaosWYrS8FnrnRVsm',$,'Instrument A20-INS-0075',$,$,#2717,#2719,'A20-INS-0075',$);
#2721=IFCRECTANGLEPROFILEDEF(.AREA.,$,$,0.400,0.400);
#2722=IFCCARTESIANPOINT((0.000,0.000,0.000));
#2723=IFCAXIS2PLACEMENT3D(#2722,$,$);
#2724=IFCEXTRUDEDAREASOLID(#2721,#2723,#21,0.600);
#2725=IFCCARTESIANPOINT((92.125,-45.025,1.100));
#2726=IFCAXIS2PLACEMENT3D(#2725,$,$);
#2727=IFCLOCALPLACEMENT(#14,#2726);
#2728=IFCSHAPEREPRESENTATION(#6,'Body','SweptSolid',(#2724));
#2729=IFCPRODUCTDEFINITIONSHAPE($,$,(#2728));
#2730=IFCBUILDINGELEMENTPROXY('0zDJmW9zCcpfNf25n9Aa9p',$,'Instrument A20-INS-0076',$,$,#2727,#2729,'A20-INS-0076',$);
#2731=IFCRECTANGLEPROFILEDEF(.AREA.,$,$,0.400,0.400);
#2732=IFCCARTESIANPOINT((0.000,0.000,0.000));
#2733=IFCAXIS2PLACEMENT3D(#2732,$,$);
#2734=IFCEXTRUDEDAREASOLID(#2731,#2733,#21,0.600);
#2735=IFCCARTESIANPOINT((92.675,-21.600,1.100));
#2736=IFCAXIS2PLACEMENT3D(#2735,$,$);
#2737=IFCLOCALPLACEMENT(#14,#2736);
#2738=IFCSHAPEREPRESENTATION(#6,'Body','SweptSolid',(#2734));
#2739=IFCPRODUCTDEFINITIONSHAPE($,$,(#2738));
#2740=IFCBUILDINGELEMENTPROXY('1esvAGmqUtG8enlb$5JpQl',$,'Instrument A20-INS-0077',$,$,#2737,#2739,'A20-INS-0077',$);
#2741=IFCRECTANGLEPROFILEDEF(.AREA.,$,$,0.400,0.400);
#2742=IFCCARTESIANPOINT((0.000,0.000,0.000));
#2743=IFCAXIS2PLACEMENT3D(#2742,$,$);
#2744=IFCEXTRUDEDAREASOLID(#2741,#2743,#21,0.600);
#2745=IFCCARTESIANPOINT((165.225,-22.225,1.100));
#2746=IFCAXIS2PLACEMENT3D(#2745,$,$);
#2747=IFCLOCALPLACEMENT(#14,#2746);
#2748=IFCSHAPEREPRESENTATION(#6,'Body','SweptSolid',(#2744));
#2749=IFCPRODUCTDEFINITIONSHAPE($,$,(#2748));
#2750=IFCBUILDINGELEMENTPROXY('0m05sXdy1LU34LO7JGTpXF',$,'Instrument A20-INS-0078',$,$,#2747,#2749,'A20-INS-0078',$);
#2751=IFCCIRCLEPROFILEDEF(.AREA.,$,$,0.330);
#2752=IFCCARTESIANPOINT((0.000,0.000,0.000));
#2753=IFCAXIS2PLACEMENT3D(#2752,#422,#421);
#2754=IFCEXTRUDEDAREASOLID(#2751,#2753,#21,4.000);
#2755=IFCCARTESIANPOINT((115.375,-69.900,7.600));
#2756=IFCAXIS2PLACEMENT3D(#2755,$,$);
#2757=IFCLOCALPLACEMENT(#14,#2756);
#2758=IFCSHAPEREPRESENTATION(#6,'Body','SweptSolid',(#2754));
#2759=IFCPRODUCTDEFINITIONSHAPE($,$,(#2758));
#2760=IFCBUILDINGELEMENTPROXY('23b2skjlpRujBGfjgoDYKw',$,'Insulation A20-INSU-0031',$,$,#2757,#2759,'A20-INSU-0031',$);
#2761=IFCCIRCLEPROFILEDEF(.AREA.,$,$,0.330);
#2762=IFCCARTESIANPOINT((0.000,0.000,0.000));
#2763=IFCAXIS2PLACEMENT3D(#2762,#422,#421);
#2764=IFCEXTRUDEDAREASOLID(#2761,#2763,#21,4.000);
#2765=IFCCARTESIANPOINT((111.925,-64.825,7.600));
#2766=IFCAXIS2PLACEMENT3D(#2765,$,$);
#2767=IFCLOCALPLACEMENT(#14,#2766);
#2768=IFCSHAPEREPRESENTATION(#6,'Body','SweptSolid',(#2764));
#2769=IFCPRODUCTDEFINITIONSHAPE($,$,(#2768));
#2770=IFCBUILDINGELEMENTPROXY('0zM3D3_pUuwQ8bxZGe_C5m',$,'Insulation A20-INSU-0032',$,$,#2767,#2769,'A20-INSU-0032',$);
#2771=IFCCIRCLEPROFILEDEF(.AREA.,$,$,0.330);
#2772=IFCCARTESIANPOINT((0.000,0.000,0.000));
#2773=IFCAXIS2PLACEMENT3D(#2772,#422,#421);
#2774=IFCEXTRUDEDAREASOLID(#2771,#2773,#21,4.000);
#2775=IFCCARTESIANPOINT((140.250,-10.575,7.600));
#2776=IFCAXIS2PLACEMENT3D(#2775,$,$);
#2777=IFCLOCALPLACEMENT(#14,#2776);
#2778=IFCSHAPEREPRESENTATION(#6,'Body','SweptSolid',(#2774));
#2779=IFCPRODUCTDEFINITIONSHAPE($,$,(#2778));
#2780=IFCBUILDINGELEMENTPROXY('0R20ghCe$4on2jHRqPHCc9',$,'Insulation A20-INSU-0033',$,$,#2777,#2779,'A20-INSU-0033',$);
#2781=IFCCIRCLEPROFILEDEF(.AREA.,$,$,0.330);
#2782=IFCCARTESIANPOINT((0.000,0.000,0.000));
#2783=IFCAXIS2PLACEMENT3D(#2782,#422,#421);
#2784=IFCEXTRUDEDAREASOLID(#2781,#2783,#21,4.000);
#2785=IFCCARTESIANPOINT((160.400,-81.550,7.600));
#2786=IFCAXIS2PLACEMENT3D(#2785,$,$);
#2787=IFCLOCALPLACEMENT(#14,#2786);
#2788=IFCSHAPEREPRESENTATION(#6,'Body','SweptSolid',(#2784));
#2789=IFCPRODUCTDEFINITIONSHAPE($,$,(#2788));
#2790=IFCBUILDINGELEMENTPROXY('2jS2nokTTxpe0KR5JJAQWi',$,'Insulation A20-INSU-0034',$,$,#2787,#2789,'A20-INSU-0034',$);
#2791=IFCCIRCLEPROFILEDEF(.AREA.,$,$,0.330);
#2792=IFCCARTESIANPOINT((0.000,0.000,0.000));
#2793=IFCAXIS2PLACEMENT3D(#2792,#422,#421);
#2794=IFCEXTRUDEDAREASOLID(#2791,#2793,#21,4.000);
#2795=IFCCARTESIANPOINT((116.000,-41.875,7.600));
#2796=IFCAXIS2PLACEMENT3D(#2795,$,$);
#2797=IFCLOCALPLACEMENT(#14,#2796);
#2798=IFCSHAPEREPRESENTATION(#6,'Body','SweptSolid',(#2794));
#2799=IFCPRODUCTDEFINITIONSHAPE($,$,(#2798));
#2800=IFCBUILDINGELEMENTPROXY('3sDYTsBBLGctYGT2bd$$UZ',$,'Insulation A20-INSU-0035',$,$,#2797,#2799,'A20-INSU-0035',$);
#2801=IFCCIRCLEPROFILEDEF(.AREA.,$,$,0.330);
#2802=IFCCARTESIANPOINT((0.000,0.000,0.000));
#2803=IFCAXIS2PLACEMENT3D(#2802,#422,#421);
#2804=IFCEXTRUDEDAREASOLID(#2801,#2803,#21,4.000);
#2805=IFCCARTESIANPOINT((105.375,-45.000,7.600));
#2806=IFCAXIS2PLACEMENT3D(#2805,$,$);
#2807=IFCLOCALPLACEMENT(#14,#2806);
#2808=IFCSHAPEREPRESENTATION(#6,'Body','SweptSolid',(#2804));
#2809=IFCPRODUCTDEFINITIONSHAPE($,$,(#2808));
#2810=IFCBUILDINGELEMENTPROXY('1jG0GbQHtLDYzvpV_yHs$W',$,'Insulation A20-INSU-0036',$,$,#2807,#2809,'A20-INSU-0036',$);
#2811=IFCCIRCLEPROFILEDEF(.AREA.,$,$,0.330);
#2812=IFCCARTESIANPOINT((0.000,0.000,0.000));
#2813=IFCAXIS2PLACEMENT3D(#2812,#422,#421);
#2814=IFCEXTRUDEDAREASOLID(#2811,#2813,#21,4.000);
#2815=IFCCARTESIANPOINT((146.025,-22.175,7.600));
#2816=IFCAXIS2PLACEMENT3D(#2815,$,$);
#2817=IFCLOCALPLACEMENT(#14,#2816);
#2818=IFCSHAPEREPRESENTATION(#6,'Body','SweptSolid',(#2814));
#2819=IFCPRODUCTDEFINITIONSHAPE($,$,(#2818));
#2820=IFCBUILDINGELEMENTPROXY('0YuTmThh8Km$UfCpeSGTlj',$,'Insulation A20-INSU-0037',$,$,#2817,#2819,'A20-INSU-0037',$);
#2821=IFCCIRCLEPROFILEDEF(.AREA.,$,$,0.330);
#2822=IFCCARTESIANPOINT((0.000,0.000,0.000));
#2823=IFCAXIS2PLACEMENT3D(#2822,#422,#421);
#2824=IFCEXTRUDEDAREASOLID(#2821,#2823,#21,4.000);
#2825=IFCCARTESIANPOINT((182.850,-59.100,7.600));
#2826=IFCAXIS2PLACEMENT3D(#2825,$,$);
#2827=IFCLOCALPLACEMENT(#14,#2826);
#2828=IFCSHAPEREPRESENTATION(#6,'Body','SweptSolid',(#2824));
#2829=IFCPRODUCTDEFINITIONSHAPE($,$,(#2828));
#2830=IFCBUILDINGELEMENTPROXY('33Mw_5DGZX12KSJ8oKpb6A',$,'Insulation A20-INSU-0038',$,$,#2827,#2829,'A20-INSU-0038',$);
#2831=IFCCIRCLEPROFILEDEF(.AREA.,$,$,0.330);
#2832=IFCCARTESIANPOINT((0.000,0.000,0.000));
#2833=IFCAXIS2PLACEMENT3D(#2832,#422,#421);
#2834=IFCEXTRUDEDAREASOLID(#2831,#2833,#21,4.000);
#2835=IFCCARTESIANPOINT((140.450,-51.625,7.600));
#2836=IFCAXIS2PLACEMENT3D(#2835,$,$);
#2837=IFCLOCALPLACEMENT(#14,#2836);
#2838=IFCSHAPEREPRESENTATION(#6,'Body','SweptSolid',(#2834));
#2839=IFCPRODUCTDEFINITIONSHAPE($,$,(#2838));
#2840=IFCBUILDINGELEMENTPROXY('0r7RqsSsbHTmqpG$$v3bNA',$,'Insulation A20-INSU-0039',$,$,#2837,#2839,'A20-INSU-0039',$);
#2841=IFCRECTANGLEPROFILEDEF(.AREA.,$,$,2.200,0.080);
#2842=IFCCARTESIANPOINT((0.000,0.000,0.000));
#2843=IFCAXIS2PLACEMENT3D(#2842,$,$);
#2844=IFCEXTRUDEDAREASOLID(#2841,#2843,#21,2.200);
#2845=IFCCARTESIANPOINT((145.650,-38.850,1.900));
#2846=IFCAXIS2PLACEMENT3D(#2845,$,$);
#2847=IFCLOCALPLACEMENT(#14,#2846);
#2848=IFCSHAPEREPRESENTATION(#6,'Body','SweptSolid',(#2844));
#2849=IFCPRODUCTDEFINITIONSHAPE($,$,(#2848));
#2850=IFCBUILDINGELEMENTPROXY('2tIpMYmBq8B0_OiV$pwUrd',$,'Paint area A20-PNT-0029',$,$,#2847,#2849,'A20-PNT-0029',$);
#2851=IFCRECTANGLEPROFILEDEF(.AREA.,$,$,2.200,0.080);
#2852=IFCCARTESIANPOINT((0.000,0.000,0.000));
#2853=IFCAXIS2PLACEMENT3D(#2852,$,$);
#2854=IFCEXTRUDEDAREASOLID(#2851,#2853,#21,2.200);
#2855=IFCCARTESIANPOINT((104.925,-54.125,1.900));
#2856=IFCAXIS2PLACEMENT3D(#2855,$,$);
#2857=IFCLOCALPLACEMENT(#14,#2856);
#2858=IFCSHAPEREPRESENTATION(#6,'Body','SweptSolid',(#2854));
#2859=IFCPRODUCTDEFINITIONSHAPE($,$,(#2858));
#2860=IFCBUILDINGELEMENTPROXY('3gla9nDBKSj91lDeRCuBs$',$,'Paint area A20-PNT-0030',$,$,#2857,#2859,'A20-PNT-0030',$);
#2861=IFCRECTANGLEPROFILEDEF(.AREA.,$,$,2.200,0.080);
#2862=IFCCARTESIANPOINT((0.000,0.000,0.000));
#2863=IFCAXIS2PLACEMENT3D(#2862,$,$);
#2864=IFCEXTRUDEDAREASOLID(#2861,#2863,#21,2.200);
#2865=IFCCARTESIANPOINT((128.775,-71.675,1.900));
#2866=IFCAXIS2PLACEMENT3D(#2865,$,$);
#2867=IFCLOCALPLACEMENT(#14,#2866);
#2868=IFCSHAPEREPRESENTATION(#6,'Body','SweptSolid',(#2864));
#2869=IFCPRODUCTDEFINITIONSHAPE($,$,(#2868));
#2870=IFCBUILDINGELEMENTPROXY('2lf0OSGdt6unV4izPsZKu$',$,'Paint area A20-PNT-0031',$,$,#2867,#2869,'A20-PNT-0031',$);
#2871=IFCRECTANGLEPROFILEDEF(.AREA.,$,$,2.200,0.080);
#2872=IFCCARTESIANPOINT((0.000,0.000,0.000));
#2873=IFCAXIS2PLACEMENT3D(#2872,$,$);
#2874=IFCEXTRUDEDAREASOLID(#2871,#2873,#21,2.200);
#2875=IFCCARTESIANPOINT((166.975,-32.950,1.900));
#2876=IFCAXIS2PLACEMENT3D(#2875,$,$);
#2877=IFCLOCALPLACEMENT(#14,#2876);
#2878=IFCSHAPEREPRESENTATION(#6,'Body','SweptSolid',(#2874));
#2879=IFCPRODUCTDEFINITIONSHAPE($,$,(#2878));
#2880=IFCBUILDINGELEMENTPROXY('2UWrNHRA_Qf2naEB4NBhA9',$,'Paint area A20-PNT-0032',$,$,#2877,#2879,'A20-PNT-0032',$);
#2881=IFCRECTANGLEPROFILEDEF(.AREA.,$,$,2.200,0.080);
#2882=IFCCARTESIANPOINT((0.000,0.000,0.000));
#2883=IFCAXIS2PLACEMENT3D(#2882,$,$);
#2884=IFCEXTRUDEDAREASOLID(#2881,#2883,#21,2.200);
#2885=IFCCARTESIANPOINT((139.700,-44.375,1.900));
#2886=IFCAXIS2PLACEMENT3D(#2885,$,$);
#2887=IFCLOCALPLACEMENT(#14,#2886);
#2888=IFCSHAPEREPRESENTATION(#6,'Body','SweptSolid',(#2884));
#2889=IFCPRODUCTDEFINITIONSHAPE($,$,(#2888));
#2890=IFCBUILDINGELEMENTPROXY('2q5WG3vfEj4U4Php2pJZqh',$,'Paint area A20-PNT-0033',$,$,#2887,#2889,'A20-PNT-0033',$);
#2891=IFCRECTANGLEPROFILEDEF(.AREA.,$,$,2.200,0.080);
#2892=IFCCARTESIANPOINT((0.000,0.000,0.000));
#2893=IFCAXIS2PLACEMENT3D(#2892,$,$);
#2894=IFCEXTRUDEDAREASOLID(#2891,#2893,#21,2.200);
#2895=IFCCARTESIANPOINT((159.575,-76.775,1.900));
#2896=IFCAXIS2PLACEMENT3D(#2895,$,$);
#2897=IFCLOCALPLACEMENT(#14,#2896);
#2898=IFCSHAPEREPRESENTATION(#6,'Body','SweptSolid',(#2894));
#2899=IFCPRODUCTDEFINITIONSHAPE($,$,(#2898));
#2900=IFCBUILDINGELEMENTPROXY('2UGSrddFwJXBiiwKW6E3RP',$,'Paint area A20-PNT-0034',$,$,#2897,#2899,'A20-PNT-0034',$);
#2901=IFCRECTANGLEPROFILEDEF(.AREA.,$,$,2.200,0.080);
#2902=IFCCARTESIANPOINT((0.000,0.000,0.000));
#2903=IFCAXIS2PLACEMENT3D(#2902,$,$);
#2904=IFCEXTRUDEDAREASOLID(#2901,#2903,#21,2.200);
#2905=IFCCARTESIANPOINT((145.800,-85.550,1.900));
#2906=IFCAXIS2PLACEMENT3D(#2905,$,$);
#2907=IFCLOCALPLACEMENT(#14,#2906);
#2908=IFCSHAPEREPRESENTATION(#6,'Body','SweptSolid',(#2904));
#2909=IFCPRODUCTDEFINITIONSHAPE($,$,(#2908));
#2910=IFCBUILDINGELEMENTPROXY('1oW_mJHLaF$VGT8$IyZCSM',$,'Paint area A20-PNT-0035',$,$,#2907,#2909,'A20-PNT-0035',$);
#2911=IFCRECTANGLEPROFILEDEF(.AREA.,$,$,2.200,0.080);
#2912=IFCCARTESIANPOINT((0.000,0.000,0.000));
#2913=IFCAXIS2PLACEMENT3D(#2912,$,$);
#2914=IFCEXTRUDEDAREASOLID(#2911,#2913,#21,2.200);
#2915=IFCCARTESIANPOINT((148.225,-86.950,1.900));
#2916=IFCAXIS2PLACEMENT3D(#2915,$,$);
#2917=IFCLOCALPLACEMENT(#14,#2916);
#2918=IFCSHAPEREPRESENTATION(#6,'Body','SweptSolid',(#2914));
#2919=IFCPRODUCTDEFINITIONSHAPE($,$,(#2918));
#2920=IFCBUILDINGELEMENTPROXY('0WMI4QdH6ASvyVQnISGCUS',$,'Paint area A20-PNT-0036',$,$,#2917,#2919,'A20-PNT-0036',$);
#2921=IFCRECTANGLEPROFILEDEF(.AREA.,$,$,2.200,0.080);
#2922=IFCCARTESIANPOINT((0.000,0.000,0.000));
#2923=IFCAXIS2PLACEMENT3D(#2922,$,$);
#2924=IFCEXTRUDEDAREASOLID(#2921,#2923,#21,2.200);
#2925=IFCCARTESIANPOINT((178.800,-69.575,1.900));
#2926=IFCAXIS2PLACEMENT3D(#2925,$,$);
#2927=IFCLOCALPLACEMENT(#14,#2926);
#2928=IFCSHAPEREPRESENTATION(#6,'Body','SweptSolid',(#2924));
#2929=IFCPRODUCTDEFINITIONSHAPE($,$,(#2928));
#2930=IFCBUILDINGELEMENTPROXY('0ZTwazVNBqQEdr9EwDRS06',$,'Paint area A20-PNT-0037',$,$,#2927,#2929,'A20-PNT-0037',$);
#2931=IFCRECTANGLEPROFILEDEF(.AREA.,$,$,2.200,0.080);
#2932=IFCCARTESIANPOINT((0.000,0.000,0.000));
#2933=IFCAXIS2PLACEMENT3D(#2932,$,$);
#2934=IFCEXTRUDEDAREASOLID(#2931,#2933,#21,2.200);
#2935=IFCCARTESIANPOINT((178.450,-77.950,1.900));
#2936=IFCAXIS2PLACEMENT3D(#2935,$,$);
#2937=IFCLOCALPLACEMENT(#14,#2936);
#2938=IFCSHAPEREPRESENTATION(#6,'Body','SweptSolid',(#2934));
#2939=IFCPRODUCTDEFINITIONSHAPE($,$,(#2938));
#2940=IFCBUILDINGELEMENTPROXY('2FZSv_U_sq_cE9Zif$DS77',$,'Paint area A20-PNT-0038',$,$,#2937,#2939,'A20-PNT-0038',$);
#2941=IFCRECTANGLEPROFILEDEF(.AREA.,$,$,105.000,85.000);
#2942=IFCCARTESIANPOINT((0.000,0.000,0.000));
#2943=IFCAXIS2PLACEMENT3D(#2942,$,$);
#2944=IFCEXTRUDEDAREASOLID(#2941,#2943,#21,0.200);
#2945=IFCCARTESIANPOINT((137.500,-47.500,-0.200));
#2946=IFCAXIS2PLACEMENT3D(#2945,$,$);
#2947=IFCLOCALPLACEMENT(#14,#2946);
#2948=IFCSHAPEREPRESENTATION(#6,'Body','SweptSolid',(#2944));
#2949=IFCPRODUCTDEFINITIONSHAPE($,$,(#2948));
#2950=IFCSLAB('3XNFjPueQrPTHWO6fKTWg0',$,'A20 paving',$,$,#2947,#2949,'',.BASESLAB.);
#2951=IFCRECTANGLEPROFILEDEF(.AREA.,$,$,0.300,0.400);
#2952=IFCCARTESIANPOINT((0.000,0.000,0.000));
#2953=IFCAXIS2PLACEMENT3D(#2952,#421,#422);
#2954=IFCEXTRUDEDAREASOLID(#2951,#2953,#21,97.000);
#2955=IFCCARTESIANPOINT((89.000,-34.750,6.000));
#2956=IFCAXIS2PLACEMENT3D(#2955,$,$);
#2957=IFCLOCALPLACEMENT(#14,#2956);
#2958=IFCSHAPEREPRESENTATION(#6,'Body','SweptSolid',(#2954));
#2959=IFCPRODUCTDEFINITIONSHAPE($,$,(#2958));
#2960=IFCBEAM('3TwlH5KHnXMPnNj6WeahtZ',$,'Rack frame 1',$,$,#2957,#2959,'',$);
#2961=IFCRECTANGLEPROFILEDEF(.AREA.,$,$,0.300,0.400);
#2962=IFCCARTESIANPOINT((0.000,0.000,0.000));
#2963=IFCAXIS2PLACEMENT3D(#2962,#421,#422);
#2964=IFCEXTRUDEDAREASOLID(#2961,#2963,#21,97.000);
#2965=IFCCARTESIANPOINT((89.000,-60.250,6.000));
#2966=IFCAXIS2PLACEMENT3D(#2965,$,$);
#2967=IFCLOCALPLACEMENT(#14,#2966);
#2968=IFCSHAPEREPRESENTATION(#6,'Body','SweptSolid',(#2964));
#2969=IFCPRODUCTDEFINITIONSHAPE($,$,(#2968));
#2970=IFCBEAM('3y1HmqjrK8z7wkNCDW6$xU',$,'Rack frame 2',$,$,#2967,#2969,'',$);
#2971=IFCRELCONTAINEDINSPATIALSTRUCTURE('3bvAzKpLAHgJiQntjq$MMB',$,$,$,(#28,#38,#48,#58,#68,#78,#88,#98,#108,#118,#128,#138,#148,#158,#168,#178,#188,#198,#208,#218,#228,#238,#248,#258,#268,#278,#288,#298,#308,#318,#328,#338,#348,#358,#368,#378,#388,#398,#408,#418,#430,#440,#450,#460,#470,#480,#490,#500,#510,#520,#530,#540,#550,#560,#570,#580,#590,#600,#610,#620,#630,#640,#650,#660,#670,#680,#690,#700,#710,#720,#730,#740,#750,#760,#770,#780,#790,#800,#810,#820,#830,#840,#850,#860,#870,#880,#890,#900,#910,#920,#930,#940,#950,#960,#970,#980,#990,#1000,#1010,#1020,#1030,#1040,#1050,#1060,#1070,#1080,#1090,#1100,#1110,#1120,#1130,#1140,#1150,#1160,#1170,#1180,#1190,#1200,#1210,#1220,#1230,#1240,#1250,#1260,#1270,#1280,#1290,#1300,#1310,#1320,#1330,#1340,#1350,#1360,#1370,#1380,#1390,#1400,#1410,#1420,#1430,#1440,#1450,#1460,#1470,#1480,#1490,#1500,#1510,#1520,#1530,#1540,#1550,#1560,#1570,#1580,#1590,#1600,#1610,#1620,#1630,#1640,#1650,#1660,#1670,#1680,#1690,#1700,#1710,#1720,#1730,#1740,#1750,#1760,#1770,#1780,#1790,#1800,#1810,#1820,#1830,#1840,#1850,#1860,#1870,#1880,#1890,#1900,#1910,#1920,#1930,#1940,#1950,#1960,#1970,#1980,#1990,#2000,#2010,#2020,#2030,#2040,#2050,#2060,#2070,#2080,#2090,#2100,#2110,#2120,#2130,#2140,#2150,#2160,#2170,#2180,#2190,#2200,#2210,#2220,#2230,#2240,#2250,#2260,#2270,#2280,#2290,#2300,#2310,#2320,#2330,#2340,#2350,#2360,#2370,#2380,#2390,#2400,#2410,#2420,#2430,#2440,#2450,#2460,#2470,#2480,#2490,#2500,#2510,#2520,#2530,#2540,#2550,#2560,#2570,#2580,#2590,#2600,#2610,#2620,#2630,#2640,#2650,#2660,#2670,#2680,#2690,#2700,#2710,#2720,#2730,#2740,#2750,#2760,#2770,#2780,#2790,#2800,#2810,#2820,#2830,#2840,#2850,#2860,#2870,#2880,#2890,#2900,#2910,#2920,#2930,#2940,#2950,#2960,#2970),#15);
ENDSEC;
END-ISO-10303-21;
